11/5/09,0.04,0.9,3.57,,,,,
11/6/09,0.06,0.86,3.54,,,,,
11/9/09,0.07,0.87,3.52,,,,,
11/10/09,0.07,0.85,3.5,,,,,
11/11/09,0,0,0,,,,,
11/12/09,0.07,0.82,3.45,,,,,
11/13/09,0.06,0.82,3.43,,,,,
11/16/09,0.07,0.78,3.33,,,,,
11/17/09,0.06,0.78,3.33,,,,,
11/18/09,0.04,0.77,3.36,,,,,
11/19/09,0.02,0.73,3.35,,,,,
11/20/09,0.02,0.75,3.36,,,,,
11/23/09,0.05,0.77,3.37,,,,,
11/24/09,0.05,0.73,3.32,,,,,
11/25/09,0.05,0.73,3.28,,,,,
11/26/09,0,0,0,,,,,
11/27/09,0.03,0.68,3.21,,,,,
11/30/09,0.06,0.67,3.21,,,,,
12/1/09,0.06,0.67,3.28,,,,,
12/2/09,0.05,0.72,3.32,,,,,
12/3/09,0.06,0.74,3.39,,,,,
12/4/09,0.06,0.84,3.48,,,,,
12/7/09,0.04,0.78,3.44,,,,,
12/8/09,0.03,0.73,3.4,,,,,
12/9/09,0.03,0.76,3.45,,,,,
12/10/09,0.02,0.78,3.49,,,,,
12/11/09,0.03,0.83,3.55,,,,,
12/14/09,0.04,0.87,3.56,,,,,
12/15/09,0.05,0.88,3.6,,,,,
12/16/09,0.04,0.85,3.61,,,,,
12/17/09,0.04,0.77,3.5,,,,,
12/18/09,0.05,0.82,3.55,,,,,
12/21/09,0.08,0.89,3.69,,,,,
12/22/09,0.08,0.95,3.76,,,,,
12/23/09,0.07,0.96,3.77,,,,,
12/24/09,0.05,1,3.82,,,,,
12/25/09,0,0,0,,,,,
12/28/09,0.11,1.09,3.85,,,,,
12/29/09,0.1,1.09,3.82,,,,,
12/30/09,0.05,1.08,3.8,,,,,
12/31/09,0.06,1.14,3.85,,,,,
1/1/10,0,0,0,,,,,
1/4/10,0.08,1.09,3.85,,,,,
1/5/10,0.07,1.01,3.77,,,,,
1/6/10,0.06,1.01,3.85,,,,,
1/7/10,0.05,1.03,3.85,,,,,
1/8/10,0.05,0.96,3.83,,,,,
1/11/10,0.04,0.95,3.85,,,,,
1/12/10,0.05,0.92,3.74,,,,,
1/13/10,0.06,0.97,3.8,,,,,
1/14/10,0.05,0.94,3.76,,,,,
1/15/10,0.06,0.89,3.7,,,,,
1/18/10,0,0,0,,,,,
1/19/10,0.06,0.93,3.73,,,,,
1/20/10,0.05,0.92,3.68,,,,,
1/21/10,0.06,0.87,3.62,,,,,
1/22/10,0.06,0.84,3.62,,,,,
1/25/10,0.06,0.86,3.66,,,,,
1/26/10,0.07,0.87,3.65,,,,,
1/27/10,0.08,0.9,3.66,,,,,
1/28/10,0.08,0.87,3.68,,,,,
1/29/10,0.08,0.82,3.63,,,,,
2/1/10,0.1,0.86,3.68,,,,,
2/2/10,0.1,0.86,3.67,,,,,
2/3/10,0.1,0.88,3.73,,,,,
2/4/10,0.09,0.8,3.62,,,,,
2/5/10,0.1,0.77,3.59,,,,,
2/8/10,0.12,0.79,3.62,,,,,
2/9/10,0.12,0.84,3.67,,,,,
2/10/10,0.11,0.91,3.72,,,,,
2/11/10,0.11,0.91,3.73,,,,,
2/12/10,0.1,0.84,3.69,,,,,
2/15/10,0,0,0,,,,,
2/16/10,0.1,0.82,3.66,,,,,
2/17/10,0.1,0.87,3.74,,,,,
2/18/10,0.1,0.9,3.79,,,,,
2/19/10,0.11,0.95,3.78,,,,,
2/22/10,0.11,0.91,3.8,,,,,
2/23/10,0.12,0.87,3.69,,,,,
2/24/10,0.12,0.87,3.7,,,,,
2/25/10,0.13,0.82,3.64,,,,,
2/26/10,0.13,0.81,3.61,,,,,
3/1/10,0.13,0.8,3.61,,,,,
3/2/10,0.14,0.8,3.62,,,,,
3/3/10,0.14,0.82,3.63,,,,,
3/4/10,0.14,0.86,3.61,,,,,
3/5/10,0.15,0.91,3.69,,,,,
3/8/10,0.16,0.9,3.72,,,,,
3/9/10,0.16,0.89,3.71,,,,,
3/10/10,0.15,0.92,3.73,,,,,
3/11/10,0.16,0.97,3.73,,,,,
3/12/10,0.15,0.97,3.71,,,,,
3/15/10,0.17,0.96,3.71,,,,,
3/16/10,0.16,0.93,3.66,,,,,
3/17/10,0.15,0.95,3.65,,,,,
3/18/10,0.16,0.98,3.68,,,,,
3/19/10,0.16,1.02,3.7,,,,,
3/22/10,0.15,1.01,3.67,,,,,
3/23/10,0.14,1.02,3.69,,,,,
3/24/10,0.14,1.08,3.84,,,,,
3/25/10,0.14,1.1,3.91,,,,,
3/26/10,0.14,1.04,3.86,,,,,
3/29/10,0.15,1.04,3.88,,,,,
3/30/10,0.16,1.06,3.88,,,,,
3/31/10,0.16,1.02,3.84,,,,,
4/1/10,0.16,1.05,3.89,,,,,
4/2/10,0.16,1.11,3.96,,,,,
4/5/10,0.18,1.18,4.01,,,,,
4/6/10,0.17,1.14,3.98,,,,,
4/7/10,0.17,1.06,3.89,,,,,
4/8/10,0.17,1.09,3.91,,,,,
4/9/10,0.16,1.08,3.9,,,,,
4/12/10,0.16,1.07,3.87,,,,,
4/13/10,0.16,1.07,3.84,,,,,
4/14/10,0.16,1.07,3.88,,,,,
4/15/10,0.16,1.04,3.86,,,,,
4/16/10,0.16,0.98,3.79,,,,,
4/19/10,0.16,1.01,3.83,,,,,
4/20/10,0.16,1.05,3.82,,,,,
4/21/10,0.15,1.03,3.77,,,,,
4/22/10,0.16,1.07,3.8,,,,,
4/23/10,0.16,1.1,3.84,,,,,
4/26/10,0.16,1.09,3.83,,,,,
4/27/10,0.16,1.03,3.71,,,,,
4/28/10,0.16,1.03,3.8,,,,,
4/29/10,0.17,1.01,3.76,,,,,
4/30/10,0.16,0.97,3.69,,,,,
5/3/10,0.17,1,3.72,,,,,
5/4/10,0.16,0.96,3.63,,,,,
5/5/10,0.15,0.88,3.58,,,,,
5/6/10,0.11,0.75,3.41,,,,,
5/7/10,0.13,0.83,3.45,,,,,
5/10/10,0.16,0.87,3.57,,,,,
5/11/10,0.16,0.85,3.56,,,,,
5/12/10,0.16,0.89,3.56,,,,,
5/13/10,0.16,0.87,3.55,,,,,
5/14/10,0.16,0.79,3.44,,,,,
5/17/10,0.16,0.81,3.47,,,,,
5/18/10,0.17,0.76,3.38,,,,,
5/19/10,0.17,0.8,3.36,,,,,
5/20/10,0.17,0.76,3.25,,,,,
5/21/10,0.17,0.76,3.2,,,,,
5/24/10,0.17,0.77,3.23,,,,,
5/25/10,0.17,0.81,3.18,,,,,
5/26/10,0.17,0.82,3.21,,,,,
5/27/10,0.17,0.87,3.34,,,,,
5/28/10,0.16,0.76,3.31,,,,,
5/31/10,0,0,0,,,,,
6/1/10,0.16,0.78,3.29,,,,,
6/2/10,0.16,0.82,3.35,,,,,
6/3/10,0.14,0.82,3.39,,,,,
6/4/10,0.14,0.72,3.2,,,,,
6/7/10,0.12,0.74,3.17,,,,,
6/8/10,0.12,0.74,3.18,,,,,
6/9/10,0.1,0.74,3.2,,,,,
6/10/10,0.1,0.79,3.33,,,,,
6/11/10,0.08,0.75,3.24,,,,,
6/14/10,0.07,0.77,3.28,,,,,
6/15/10,0.09,0.79,3.32,,,,,
6/16/10,0.1,0.75,3.27,,,,,
6/17/10,0.09,0.72,3.21,,,,,
6/18/10,0.11,0.74,3.24,,,,,
6/21/10,0.12,0.74,3.26,,,,,
6/22/10,0.13,0.71,3.18,,,,,
6/23/10,0.13,0.66,3.13,,,,,
6/24/10,0.13,0.67,3.14,,,,,
6/25/10,0.13,0.65,3.12,,,,,
6/28/10,0.17,0.62,3.05,,,,,
6/29/10,0.15,0.61,2.97,,,,,
6/30/10,0.18,0.61,2.97,,,,,
7/1/10,0.17,0.63,2.96,,,,,
7/2/10,0.17,0.63,3,,,,,
7/5/10,0,0,0,,,,,
7/6/10,0.17,0.62,2.95,,,,,
7/7/10,0.16,0.63,3,,,,,
7/8/10,0.15,0.63,3.04,,,,,
7/9/10,0.16,0.63,3.07,,,,,
7/12/10,0.16,0.65,3.08,,,,,
7/13/10,0.15,0.67,3.15,,,,,
7/14/10,0.15,0.62,3.07,,,,,
7/15/10,0.15,0.61,3,,,,,
7/16/10,0.15,0.61,2.96,,,,,
7/19/10,0.17,0.61,2.99,,,,,
7/20/10,0.16,0.61,2.98,,,,,
7/21/10,0.16,0.58,2.9,,,,,
7/22/10,0.16,0.6,2.96,,,,,
7/23/10,0.16,0.6,3.02,,,,,
7/26/10,0.16,0.62,3.03,,,,,
7/27/10,0.15,0.65,3.08,,,,,
7/28/10,0.15,0.61,3.03,,,,,
7/29/10,0.15,0.59,3.03,,,,,
7/30/10,0.15,0.55,2.94,,,,,
8/2/10,0.16,0.56,2.99,,,,,
8/3/10,0.16,0.53,2.94,,,,,
8/4/10,0.16,0.56,2.98,,,,,
8/5/10,0.15,0.53,2.94,,,,,
8/6/10,0.15,0.5,2.86,,,,,
8/9/10,0.15,0.54,2.86,,,,,
8/10/10,0.15,0.52,2.79,,,,,
8/11/10,0.15,0.54,2.72,,,,,
8/12/10,0.16,0.55,2.74,,,,,
8/13/10,0.15,0.54,2.68,,,,,
8/16/10,0.16,0.51,2.58,,,,,
8/17/10,0.17,0.52,2.64,,,,,
8/18/10,0.16,0.51,2.64,,,,,
8/19/10,0.16,0.49,2.58,,,,,
8/20/10,0.15,0.49,2.62,,,,,
8/23/10,0.16,0.49,2.6,,,,,
8/24/10,0.16,0.5,2.5,,,,,
8/25/10,0.16,0.53,2.54,,,,,
8/26/10,0.16,0.51,2.5,,,,,
8/27/10,0.15,0.56,2.66,,,,,
8/30/10,0.14,0.5,2.54,,,,,
8/31/10,0.14,0.47,2.47,,,,,
9/1/10,0.13,0.5,2.58,,,,,
9/2/10,0.14,0.5,2.63,,,,,
9/3/10,0.14,0.52,2.72,,,,,
9/6/10,0,0,0,,,,,
9/7/10,0.14,0.49,2.61,,,,,
9/8/10,0.14,0.52,2.66,,,,,
9/9/10,0.14,0.57,2.77,,,,,
9/10/10,0.14,0.58,2.81,,,,,
9/13/10,0.15,0.53,2.74,,,,,
9/14/10,0.15,0.5,2.68,,,,,
9/15/10,0.15,0.5,2.74,,,,,
9/16/10,0.16,0.48,2.77,,,,,
9/17/10,0.16,0.48,2.75,,,,,
9/20/10,0.17,0.47,2.72,,,,,
9/21/10,0.17,0.43,2.61,,,,,
9/22/10,0.16,0.44,2.56,,,,,
9/23/10,0.16,0.45,2.56,,,,,
9/24/10,0.15,0.45,2.62,,,,,
9/27/10,0.16,0.44,2.54,,,,,
9/28/10,0.16,0.37,2.48,,,,,
9/29/10,0.16,0.44,2.52,,,,,
9/30/10,0.16,0.42,2.53,,,,,
10/1/10,0.16,0.42,2.54,,,,,
10/4/10,0.13,0.41,2.5,,,,,
10/5/10,0.12,0.41,2.5,,,,,
10/6/10,0.13,0.38,2.41,,,,,
10/7/10,0.13,0.36,2.41,,,,,
10/8/10,0.12,0.35,2.41,,,,,
10/11/10,0,0,0,,,,,
10/12/10,0.13,0.37,2.44,,,,,
10/13/10,0.13,0.37,2.46,,,,,
10/14/10,0.14,0.38,2.52,,,,,
10/15/10,0.14,0.37,2.59,,,,,
10/18/10,0.15,0.38,2.52,,,,,
10/19/10,0.14,0.37,2.5,,,,,
10/20/10,0.14,0.35,2.51,,,,,
10/21/10,0.13,0.37,2.57,,,,,
10/22/10,0.13,0.35,2.59,,,,,
10/25/10,0.14,0.37,2.59,,,,,
10/26/10,0.14,0.4,2.67,,,,,
10/27/10,0.14,0.4,2.75,,,,,
10/28/10,0.13,0.37,2.69,,,,,
10/29/10,0.12,0.34,2.63,,,,,
11/1/10,0.13,0.34,2.66,,,,,
11/2/10,0.13,0.34,2.63,,,,,
11/3/10,0.13,0.34,2.67,,,,,
11/4/10,0.13,0.33,2.53,,,,,
11/5/10,0.13,0.38,2.58,,,,,
11/8/10,0.13,0.41,2.6,,,,,
11/9/10,0.13,0.46,2.72,,,,,
11/10/10,0.13,0.44,2.65,,,,,
11/11/10,0,0,0,,,,,
11/12/10,0.13,0.51,2.76,,,,,
11/15/10,0.14,0.53,2.92,,,,,
11/16/10,0.15,0.51,2.85,,,,,
11/17/10,0.14,0.5,2.89,,,,,
11/18/10,0.15,0.52,2.9,,,,,
11/19/10,0.14,0.52,2.88,,,,,
11/22/10,0.15,0.49,2.8,,,,,
11/23/10,0.15,0.45,2.77,,,,,
11/24/10,0.16,0.53,2.93,,,,,
11/25/10,0,0,0,,,,,
11/26/10,0.16,0.51,2.87,,,,,
11/29/10,0.18,0.52,2.84,,,,,
11/30/10,0.17,0.45,2.81,,,,,
12/1/10,0.16,0.53,2.97,,,,,
12/2/10,0.16,0.55,3.01,,,,,
12/3/10,0.14,0.49,3.03,,,,,
12/6/10,0.15,0.42,2.95,,,,,
12/7/10,0.14,0.54,3.15,,,,,
12/8/10,0.15,0.63,3.26,,,,,
12/9/10,0.14,0.64,3.23,,,,,
12/10/10,0.13,0.64,3.32,,,,,
12/13/10,0.15,0.61,3.29,,,,,
12/14/10,0.15,0.66,3.49,,,,,
12/15/10,0.14,0.68,3.53,,,,,
12/16/10,0.13,0.66,3.47,,,,,
12/17/10,0.11,0.61,3.33,,,,,
12/20/10,0.14,0.62,3.36,,,,,
12/21/10,0.14,0.63,3.35,,,,,
12/22/10,0.14,0.65,3.36,,,,,
12/23/10,0.14,0.67,3.41,,,,,
12/24/10,0,0,0,,,,,
12/27/10,0.17,0.71,3.36,,,,,
12/28/10,0.15,0.75,3.5,,,,,
12/29/10,0.13,0.64,3.35,,,,,
12/30/10,0.12,0.66,3.38,,,,,
12/31/10,0.12,0.61,3.3,,,,,
1/3/11,0.15,0.61,3.36,,,,,
1/4/11,0.14,0.63,3.36,,,,,
1/5/11,0.14,0.71,3.5,,,,,
1/6/11,0.15,0.68,3.44,,,,,
1/7/11,0.14,0.6,3.34,,,,,
1/10/11,0.15,0.59,3.32,,,,,
1/11/11,0.15,0.6,3.37,,,,,
1/12/11,0.15,0.61,3.4,,,,,
1/13/11,0.15,0.59,3.34,,,,,
1/14/11,0.15,0.59,3.35,,,,,
1/17/11,0,0,0,,,,,
1/18/11,0.16,0.6,3.39,,,,,
1/19/11,0.16,0.6,3.37,,,,,
1/20/11,0.16,0.65,3.47,,,,,
1/21/11,0.16,0.63,3.44,,,,,
1/24/11,0.16,0.65,3.43,,,,,
1/25/11,0.16,0.62,3.35,,,,,
1/26/11,0.16,0.62,3.45,,,,,
1/27/11,0.15,0.59,3.42,,,,,
1/28/11,0.15,0.54,3.36,,,,,
1/31/11,0.15,0.58,3.42,,,,,
2/1/11,0.15,0.61,3.48,,,,,
2/2/11,0.16,0.67,3.52,,,,,
2/3/11,0.14,0.71,3.58,,,,,
2/4/11,0.15,0.77,3.68,,,,,
2/7/11,0.16,0.78,3.68,,,,,
2/8/11,0.15,0.86,3.75,,,,,
2/9/11,0.14,0.81,3.65,,,,,
2/10/11,0.12,0.85,3.7,,,,,
2/11/11,0.12,0.85,3.64,,,,,
2/14/11,0.13,0.87,3.62,,,,,
2/15/11,0.13,0.84,3.61,,,,,
2/16/11,0.12,0.86,3.62,,,,,
2/17/11,0.09,0.8,3.58,,,,,
2/18/11,0.1,0.78,3.59,,,,,
2/21/11,0,0,0,,,,,
2/22/11,0.12,0.74,3.46,,,,,
2/23/11,0.12,0.74,3.49,,,,,
2/24/11,0.13,0.73,3.46,,,,,
2/25/11,0.13,0.72,3.42,,,,,
2/28/11,0.15,0.69,3.42,,,,,
3/1/11,0.14,0.66,3.41,,,,,
3/2/11,0.13,0.69,3.46,,,,,
3/3/11,0.13,0.79,3.58,,,,,
3/4/11,0.12,0.68,3.49,,,,,
3/7/11,0.11,0.7,3.51,,,,,
3/8/11,0.11,0.73,3.56,,,,,
3/9/11,0.1,0.7,3.48,,,,,
3/10/11,0.08,0.65,3.37,,,,,
3/11/11,0.08,0.64,3.4,,,,,
3/14/11,0.09,0.61,3.36,,,,,
3/15/11,0.1,0.63,3.33,,,,,
3/16/11,0.1,0.58,3.22,,,,,
3/17/11,0.08,0.6,3.25,,,,,
3/18/11,0.07,0.61,3.28,,,,,
3/21/11,0.1,0.67,3.34,,,,,
3/22/11,0.1,0.68,3.34,,,,,
3/23/11,0.09,0.69,3.36,,,,,
3/24/11,0.09,0.72,3.42,,,,,
3/25/11,0.09,0.79,3.46,,,,,
3/28/11,0.11,0.81,3.47,,,,,
3/29/11,0.1,0.81,3.5,,,,,
3/30/11,0.1,0.8,3.47,,,,,
3/31/11,0.09,0.8,3.47,,,,,
4/1/11,0.07,0.8,3.46,,,,,
4/4/11,0.06,0.77,3.45,,,,,
4/5/11,0.07,0.84,3.5,,,,,
4/6/11,0.06,0.85,3.56,,,,,
4/7/11,0.04,0.81,3.58,,,,,
4/8/11,0.04,0.83,3.59,,,,,
4/11/11,0.05,0.85,3.59,,,,,
4/12/11,0.05,0.77,3.52,,,,,
4/13/11,0.06,0.75,3.49,,,,,
4/14/11,0.07,0.77,3.51,,,,,
4/15/11,0.07,0.71,3.43,,,,,
4/18/11,0.07,0.69,3.4,,,,,
4/19/11,0.06,0.68,3.39,,,,,
4/20/11,0.06,0.69,3.43,,,,,
4/21/11,0.06,0.68,3.42,,,,,
4/22/11,0,0,0,,,,,
4/25/11,0.07,0.67,3.39,,,,,
4/26/11,0.07,0.65,3.34,,,,,
4/27/11,0.06,0.65,3.39,,,,,
4/28/11,0.04,0.62,3.34,,,,,
4/29/11,0.04,0.61,3.32,,,,,
5/2/11,0.05,0.61,3.31,,,,,
5/3/11,0.03,0.61,3.28,,,,,
5/4/11,0.03,0.6,3.25,,,,,
5/5/11,0.02,0.58,3.18,,,,,
5/6/11,0.02,0.57,3.19,,,,,
5/9/11,0.03,0.57,3.17,,,,,
5/10/11,0.03,0.59,3.23,,,,,
5/11/11,0.03,0.56,3.19,,,,,
5/12/11,0.02,0.57,3.22,,,,,
5/13/11,0.03,0.57,3.18,,,,,
5/16/11,0.04,0.54,3.15,,,,,
5/17/11,0.04,0.55,3.12,,,,,
5/18/11,0.05,0.58,3.18,,,,,
5/19/11,0.05,0.55,3.17,,,,,
5/20/11,0.05,0.55,3.15,,,,,
5/23/11,0.06,0.55,3.13,,,,,
5/24/11,0.06,0.56,3.12,,,,,
5/25/11,0.06,0.54,3.13,,,,,
5/26/11,0.05,0.48,3.07,,,,,
5/27/11,0.05,0.48,3.07,,,,,
5/30/11,0,0,0,,,,,
5/31/11,0.06,0.45,3.05,,,,,
6/1/11,0.05,0.44,2.96,,,,,
6/2/11,0.04,0.45,3.04,,,,,
6/3/11,0.04,0.42,2.99,,,,,
6/6/11,0.05,0.43,3.01,,,,,
6/7/11,0.05,0.39,3.01,,,,,
6/8/11,0.04,0.39,2.98,,,,,
6/9/11,0.05,0.43,3.01,,,,,
6/10/11,0.05,0.41,2.99,,,,,
6/13/11,0.05,0.4,3,,,,,
6/14/11,0.05,0.45,3.11,,,,,
6/15/11,0.05,0.38,2.98,,,,,
6/16/11,0.05,0.38,2.93,,,,,
6/17/11,0.04,0.38,2.94,,,,,
6/20/11,0.03,0.38,2.97,,,,,
6/21/11,0.03,0.4,2.99,,,,,
6/22/11,0.02,0.39,3.01,,,,,
6/23/11,0.01,0.35,2.93,,,,,
6/24/11,0.02,0.35,2.88,,,,,
6/27/11,0.02,0.41,2.95,,,,,
6/28/11,0.03,0.48,3.05,,,,,
6/29/11,0.02,0.47,3.14,,,,,
6/30/11,0.03,0.45,3.18,,,,,
7/1/11,0.02,0.5,3.22,,,,,
7/4/11,0,0,0,,,,,
7/5/11,0.02,0.44,3.16,,,,,
7/6/11,0.01,0.43,3.12,,,,,
7/7/11,0.03,0.49,3.17,,,,,
7/8/11,0.03,0.4,3.03,,,,,
7/11/11,0.03,0.37,2.94,,,,,
7/12/11,0.03,0.37,2.92,,,,,
7/13/11,0.01,0.37,2.92,,,,,
7/14/11,0.01,0.38,2.98,,,,,
7/15/11,0.02,0.37,2.94,,,,,
7/18/11,0.02,0.37,2.94,,,,,
7/19/11,0.03,0.39,2.91,,,,,
7/20/11,0.02,0.4,2.96,,,,,
7/21/11,0.05,0.4,3.03,,,,,
7/22/11,0.05,0.4,2.99,,,,,
7/25/11,0.05,0.42,3.03,,,,,
7/26/11,0.07,0.41,2.99,,,,,
7/27/11,0.08,0.44,3.01,,,,,
7/28/11,0.07,0.42,2.98,,,,,
7/29/11,0.1,0.36,2.82,,,,,
8/1/11,0.1,0.38,2.77,,,,,
8/2/11,0.06,0.33,2.66,,,,,
8/3/11,0.02,0.33,2.64,,,,,
8/4/11,0.02,0.27,2.47,,,,,
8/5/11,0.01,0.28,2.58,,,,,
8/8/11,0.05,0.27,2.4,,,,,
8/9/11,0.03,0.19,2.2,,,,,
8/10/11,0.02,0.19,2.17,,,,,
8/11/11,0.03,0.19,2.34,,,,,
8/12/11,0.02,0.2,2.24,,,,,
8/15/11,0.02,0.19,2.29,,,,,
8/16/11,0.03,0.2,2.23,,,,,
8/17/11,0.01,0.19,2.17,,,,,
8/18/11,0.01,0.2,2.08,,,,,
8/19/11,0.02,0.2,2.07,,,,,
8/22/11,0.01,0.22,2.1,,,,,
8/23/11,0.01,0.22,2.15,,,,,
8/24/11,0.02,0.23,2.29,,,,,
8/25/11,0.01,0.22,2.23,,,,,
8/26/11,0.01,0.2,2.19,,,,,
8/29/11,0.02,0.2,2.28,,,,,
8/30/11,0.01,0.2,2.19,,,,,
8/31/11,0.02,0.2,2.23,,,,,
9/1/11,0.02,0.19,2.15,,,,,
9/2/11,0.02,0.2,2.02,,,,,
9/5/11,0,0,0,,,,,
9/6/11,0.02,0.21,1.98,,,,,
9/7/11,0.02,0.21,2.05,,,,,
9/8/11,0.02,0.19,2,,,,,
9/9/11,0.01,0.17,1.93,,,,,
9/12/11,0.01,0.21,1.94,,,,,
9/13/11,0.01,0.21,2,,,,,
9/14/11,0.01,0.19,2.03,,,,,
9/15/11,0.01,0.21,2.09,,,,,
9/16/11,0.01,0.18,2.08,,,,,
9/19/11,0.01,0.16,1.97,,,,,
9/20/11,0.01,0.18,1.95,,,,,
9/21/11,0.01,0.21,1.88,,,,,
9/22/11,0,0.2,1.72,,,,,
9/23/11,0.01,0.23,1.84,,,,,
9/26/11,0.02,0.25,1.91,,,,,
9/27/11,0.01,0.25,2,,,,,
9/28/11,0.02,0.27,2.03,,,,,
9/29/11,0.02,0.27,1.99,,,,,
9/30/11,0.02,0.25,1.92,,,,,
10/3/11,0.02,0.24,1.8,,,,,
10/4/11,0.01,0.25,1.81,,,,,
10/5/11,0,0.25,1.92,,,,,
10/6/11,0.01,0.29,2.01,,,,,
10/7/11,0.01,0.3,2.1,,,,,
10/10/11,0,0,0,,,,,
10/11/11,0.02,0.32,2.18,,,,,
10/12/11,0.02,0.29,2.24,,,,,
10/13/11,0.02,0.29,2.19,,,,,
10/14/11,0.02,0.28,2.26,,,,,
10/17/11,0.04,0.28,2.18,,,,,
10/18/11,0.04,0.28,2.19,,,,,
10/19/11,0.03,0.28,2.18,,,,,
10/20/11,0.03,0.28,2.2,,,,,
10/21/11,0.02,0.3,2.23,,,,,
10/24/11,0.02,0.3,2.25,,,,,
10/25/11,0.01,0.26,2.14,,,,,
10/26/11,0.02,0.28,2.23,,,,,
10/27/11,0.02,0.31,2.42,,,,,
10/28/11,0.01,0.28,2.34,,,,,
10/31/11,0.01,0.25,2.17,,,,,
11/1/11,0.01,0.23,2.01,,,,,
11/2/11,0.01,0.23,2.03,,,,,
11/3/11,0.01,0.24,2.09,,,,,
11/4/11,0.01,0.22,2.06,,,,,
11/7/11,0.01,0.25,2.04,,,,,
11/8/11,0.01,0.25,2.1,,,,,
11/9/11,0.01,0.24,2,,,,,
11/10/11,0.01,0.24,2.04,,,,,
11/11/11,0,0,0,,,,,
11/14/11,0.01,0.24,2.04,,,,,
11/15/11,0.01,0.26,2.06,,,,,
11/16/11,0.01,0.26,2.01,,,,,
11/17/11,0.02,0.27,1.96,,,,,
11/18/11,0.01,0.29,2.01,,,,,
11/21/11,0.02,0.27,1.97,,,,,
11/22/11,0.02,0.26,1.94,,,,,
11/23/11,0.02,0.26,1.89,,,,,
11/24/11,0,0,0,,,,,
11/25/11,0.02,0.28,1.97,,,,,
11/28/11,0.03,0.26,1.97,,,,,
11/29/11,0.02,0.27,2,,,,,
11/30/11,0.01,0.25,2.08,,,,,
12/1/11,0.01,0.27,2.11,,,,,
12/2/11,0.02,0.25,2.05,,,,,
12/5/11,0.01,0.27,2.04,,,,,
12/6/11,0.01,0.25,2.08,,,,,
12/7/11,0.02,0.24,2.02,,,,,
12/8/11,0.01,0.22,1.99,,,,,
12/9/11,0.01,0.22,2.07,,,,,
12/12/11,0.01,0.24,2.03,,,,,
12/13/11,0.01,0.24,1.96,,,,,
12/14/11,0.01,0.25,1.92,,,,,
12/15/11,0,0.26,1.92,,,,,
12/16/11,0,0.24,1.86,,,,,
12/19/11,0.01,0.24,1.82,,,,,
12/20/11,0.01,0.26,1.94,,,,,
12/21/11,0.01,0.28,1.98,,,,,
12/22/11,0.01,0.28,1.97,,,,,
12/23/11,0.01,0.28,2.03,,,,,
12/26/11,0,0,0,,,,,
12/27/11,0.02,0.3,2.02,,,,,
12/28/11,0.01,0.28,1.93,,,,,
12/29/11,0.02,0.28,1.91,,,,,
12/30/11,0.02,0.25,1.89,,,,,
1/2/12,0,0,0,,,,,
1/3/12,0.02,0.27,1.97,,,,,
1/4/12,0.02,0.25,2,,,,,
1/5/12,0.02,0.27,2.02,,,,,
1/6/12,0.02,0.25,1.98,,,,,
1/9/12,0.01,0.26,1.98,,,,,
1/10/12,0.02,0.24,2,,,,,
1/11/12,0.02,0.24,1.93,,,,,
1/12/12,0.03,0.22,1.94,,,,,
1/13/12,0.03,0.24,1.89,,,,,
1/16/12,0,0,0,,,,,
1/17/12,0.03,0.21,1.87,,,,,
1/18/12,0.03,0.24,1.92,,,,,
1/19/12,0.05,0.26,2.01,,,,,
1/20/12,0.05,0.26,2.05,,,,,
1/23/12,0.04,0.26,2.09,,,,,
1/24/12,0.04,0.24,2.08,,,,,
1/25/12,0.04,0.22,2.01,,,,,
1/26/12,0.05,0.22,1.96,,,,,
1/27/12,0.06,0.22,1.93,,,,,
1/30/12,0.05,0.22,1.87,,,,,
1/31/12,0.06,0.22,1.83,,,,,
2/1/12,0.06,0.23,1.87,,,,,
2/2/12,0.08,0.23,1.86,,,,,
2/3/12,0.08,0.23,1.97,,,,,
2/6/12,0.08,0.24,1.93,,,,,
2/7/12,0.08,0.25,2,,,,,
2/8/12,0.09,0.27,2.01,,,,,
2/9/12,0.09,0.27,2.04,,,,,
2/10/12,0.09,0.27,1.96,,,,,
2/13/12,0.11,0.29,1.99,,,,,
2/14/12,0.12,0.29,1.92,,,,,
2/15/12,0.11,0.29,1.93,,,,,
2/16/12,0.1,0.29,1.99,,,,,
2/17/12,0.09,0.29,2.01,,,,,
2/20/12,0,0,0,,,,,
2/21/12,0.08,0.31,2.05,,,,,
2/22/12,0.09,0.29,2.01,,,,,
2/23/12,0.09,0.31,1.99,,,,,
2/24/12,0.1,0.31,1.98,,,,,
2/27/12,0.12,0.3,1.92,,,,,
2/28/12,0.1,0.3,1.94,,,,,
2/29/12,0.08,0.3,1.98,,,,,
3/1/12,0.08,0.3,2.03,,,,,
3/2/12,0.07,0.28,1.99,,,,,
3/5/12,0.08,0.31,2,,,,,
3/6/12,0.08,0.3,1.96,,,,,
3/7/12,0.08,0.3,1.98,,,,,
3/8/12,0.08,0.32,2.03,,,,,
3/9/12,0.09,0.33,2.04,,,,,
3/12/12,0.09,0.33,2.04,,,,,
3/13/12,0.08,0.35,2.14,,,,,
3/14/12,0.09,0.4,2.29,,,,,
3/15/12,0.08,0.37,2.29,,,,,
3/16/12,0.09,0.37,2.31,,,,,
3/19/12,0.1,0.39,2.39,,,,,
3/20/12,0.1,0.41,2.38,,,,,
3/21/12,0.09,0.39,2.31,,,,,
3/22/12,0.08,0.37,2.29,,,,,
3/23/12,0.08,0.37,2.25,,,,,
3/26/12,0.09,0.36,2.26,,,,,
3/27/12,0.09,0.33,2.2,,,,,
3/28/12,0.09,0.34,2.21,,,,,
3/29/12,0.07,0.33,2.18,,,,,
3/30/12,0.07,0.33,2.23,,,,,
4/2/12,0.08,0.33,2.22,,,,,
4/3/12,0.08,0.36,2.3,,,,,
4/4/12,0.08,0.35,2.25,,,,,
4/5/12,0.08,0.35,2.19,,,,,
4/6/12,0.07,0.32,2.07,,,,,
4/9/12,0.09,0.32,2.06,,,,,
4/10/12,0.09,0.28,2.01,,,,,
4/11/12,0.09,0.3,2.05,,,,,
4/12/12,0.09,0.29,2.08,,,,,
4/13/12,0.09,0.27,2.02,,,,,
4/16/12,0.08,0.27,2,,,,,
4/17/12,0.08,0.27,2.03,,,,,
4/18/12,0.07,0.27,2,,,,,
4/19/12,0.07,0.27,1.98,,,,,
4/20/12,0.08,0.29,1.99,,,,,
4/23/12,0.08,0.27,1.96,,,,,
4/24/12,0.09,0.27,2,,,,,
4/25/12,0.09,0.26,2.01,,,,,
4/26/12,0.09,0.26,1.98,,,,,
4/27/12,0.09,0.26,1.96,,,,,
4/30/12,0.1,0.27,1.95,,,,,
5/1/12,0.09,0.27,1.98,,,,,
5/2/12,0.08,0.27,1.96,,,,,
5/3/12,0.09,0.28,1.96,,,,,
5/4/12,0.07,0.27,1.91,,,,,
5/7/12,0.1,0.27,1.92,,,,,
5/8/12,0.09,0.27,1.88,,,,,
5/9/12,0.09,0.27,1.87,,,,,
5/10/12,0.1,0.27,1.89,,,,,
5/11/12,0.1,0.27,1.84,,,,,
5/14/12,0.1,0.29,1.78,,,,,
5/15/12,0.09,0.29,1.76,,,,,
5/16/12,0.1,0.3,1.76,,,,,
5/17/12,0.1,0.32,1.7,,,,,
5/18/12,0.08,0.32,1.71,,,,,
5/21/12,0.09,0.3,1.75,,,,,
5/22/12,0.09,0.3,1.79,,,,,
5/23/12,0.09,0.28,1.73,,,,,
5/24/12,0.1,0.29,1.77,,,,,
5/25/12,0.09,0.3,1.75,,,,,
5/28/12,0,0,0,,,,,
5/29/12,0.09,0.3,1.74,,,,,
5/30/12,0.07,0.27,1.63,,,,,
5/31/12,0.07,0.27,1.59,,,,,
6/1/12,0.07,0.25,1.47,,,,,
6/4/12,0.08,0.25,1.53,,,,,
6/5/12,0.08,0.25,1.57,,,,,
6/6/12,0.09,0.26,1.66,,,,,
6/7/12,0.09,0.27,1.66,,,,,
6/8/12,0.09,0.28,1.65,,,,,
6/11/12,0.09,0.27,1.6,,,,,
6/12/12,0.1,0.3,1.67,,,,,
6/13/12,0.1,0.3,1.61,,,,,
6/14/12,0.11,0.3,1.64,,,,,
6/15/12,0.09,0.29,1.6,,,,,
6/18/12,0.1,0.29,1.59,,,,,
6/19/12,0.09,0.3,1.64,,,,,
6/20/12,0.09,0.32,1.65,,,,,
6/21/12,0.09,0.32,1.63,,,,,
6/22/12,0.09,0.31,1.69,,,,,
6/25/12,0.1,0.31,1.63,,,,,
6/26/12,0.1,0.31,1.66,,,,,
6/27/12,0.09,0.31,1.65,,,,,
6/28/12,0.09,0.31,1.6,,,,,
6/29/12,0.09,0.33,1.67,,,,,
7/2/12,0.1,0.3,1.61,,,,,
7/3/12,0.09,0.3,1.65,,,,,
7/4/12,0,0,0,,,,,
7/5/12,0.08,0.28,1.62,,,,,
7/6/12,0.08,0.27,1.57,,,,,
7/9/12,0.09,0.27,1.53,,,,,
7/10/12,0.09,0.27,1.53,,,,,
7/11/12,0.1,0.27,1.54,,,,,
7/12/12,0.1,0.25,1.5,,,,,
7/13/12,0.1,0.25,1.52,,,,,
7/16/12,0.1,0.24,1.5,,,,,
7/17/12,0.1,0.25,1.53,,,,,
7/18/12,0.09,0.22,1.52,,,,,
7/19/12,0.09,0.22,1.54,,,,,
7/20/12,0.09,0.22,1.49,,,,,
7/23/12,0.1,0.22,1.47,,,,,
7/24/12,0.1,0.22,1.44,,,,,
7/25/12,0.1,0.22,1.43,,,,,
7/26/12,0.11,0.23,1.45,,,,,
7/27/12,0.11,0.25,1.58,,,,,
7/30/12,0.11,0.23,1.53,,,,,
7/31/12,0.11,0.23,1.51,,,,,
8/1/12,0.1,0.24,1.56,,,,,
8/2/12,0.09,0.24,1.51,,,,,
8/3/12,0.09,0.24,1.6,,,,,
8/6/12,0.1,0.24,1.59,,,,,
8/7/12,0.11,0.27,1.66,,,,,
8/8/12,0.11,0.29,1.68,,,,,
8/9/12,0.11,0.29,1.69,,,,,
8/10/12,0.1,0.27,1.65,,,,,
8/13/12,0.11,0.27,1.65,,,,,
8/14/12,0.11,0.27,1.73,,,,,
8/15/12,0.09,0.27,1.8,,,,,
8/16/12,0.09,0.29,1.83,,,,,
8/17/12,0.09,0.29,1.81,,,,,
8/20/12,0.11,0.29,1.82,,,,,
8/21/12,0.11,0.31,1.8,,,,,
8/22/12,0.11,0.26,1.71,,,,,
8/23/12,0.11,0.26,1.68,,,,,
8/24/12,0.1,0.28,1.68,,,,,
8/27/12,0.11,0.28,1.65,,,,,
8/28/12,0.1,0.27,1.64,,,,,
8/29/12,0.12,0.27,1.66,,,,,
8/30/12,0.1,0.27,1.63,,,,,
8/31/12,0.09,0.22,1.57,,,,,
9/3/12,0,0,0,,,,,
9/4/12,0.1,0.23,1.59,,,,,
9/5/12,0.11,0.25,1.6,,,,,
9/6/12,0.11,0.27,1.68,,,,,
9/7/12,0.11,0.25,1.67,,,,,
9/10/12,0.1,0.25,1.68,,,,,
9/11/12,0.1,0.25,1.7,,,,,
9/12/12,0.1,0.25,1.77,,,,,
9/13/12,0.1,0.24,1.75,,,,,
9/14/12,0.11,0.27,1.88,,,,,
9/17/12,0.11,0.25,1.85,,,,,
9/18/12,0.1,0.25,1.82,,,,,
9/19/12,0.11,0.27,1.79,,,,,
9/20/12,0.11,0.27,1.8,,,,,
9/21/12,0.11,0.27,1.77,,,,,
9/24/12,0.11,0.27,1.74,,,,,
9/25/12,0.11,0.27,1.7,,,,,
9/26/12,0.11,0.26,1.64,,,,,
9/27/12,0.09,0.25,1.66,,,,,
9/28/12,0.1,0.23,1.65,,,,,
10/1/12,0.09,0.25,1.64,,,,,
10/2/12,0.09,0.23,1.64,,,,,
10/3/12,0.09,0.23,1.64,,,,,
10/4/12,0.1,0.23,1.7,,,,,
10/5/12,0.11,0.27,1.75,,,,,
10/8/12,0,0,0,,,,,
10/9/12,0.1,0.25,1.74,,,,,
10/10/12,0.1,0.27,1.72,,,,,
10/11/12,0.1,0.28,1.7,,,,,
10/12/12,0.11,0.27,1.69,,,,,
10/15/12,0.11,0.27,1.7,,,,,
10/16/12,0.09,0.27,1.75,,,,,
10/17/12,0.11,0.3,1.83,,,,,
10/18/12,0.1,0.29,1.86,,,,,
10/19/12,0.1,0.3,1.79,,,,,
10/22/12,0.1,0.32,1.83,,,,,
10/23/12,0.11,0.29,1.79,,,,,
10/24/12,0.11,0.29,1.8,,,,,
10/25/12,0.11,0.31,1.86,,,,,
10/26/12,0.12,0.3,1.78,,,,,
10/29/12,0.14,0.3,1.74,,,,,
10/30/12,0,0,0,,,,,
10/31/12,0.11,0.3,1.72,,,,,
11/1/12,0.09,0.3,1.75,,,,,
11/2/12,0.09,0.28,1.75,,,,,
11/5/12,0.11,0.28,1.72,,,,,
11/6/12,0.1,0.3,1.78,,,,,
11/7/12,0.1,0.27,1.68,,,,,
11/8/12,0.1,0.27,1.62,,,,,
11/9/12,0.09,0.27,1.61,,,,,
11/12/12,0,0,0,,,,,
11/13/12,0.11,0.27,1.59,,,,,
11/14/12,0.1,0.25,1.59,,,,,
11/15/12,0.08,0.24,1.58,,,,,
11/16/12,0.06,0.24,1.58,,,,,
11/19/12,0.09,0.25,1.61,,,,,
11/20/12,0.08,0.27,1.66,,,,,
11/21/12,0.1,0.27,1.69,,,,,
11/22/12,0,0,0,,,,,
11/23/12,0.1,0.29,1.7,,,,,
11/26/12,0.1,0.27,1.66,,,,,
11/27/12,0.1,0.27,1.64,,,,,
11/28/12,0.1,0.27,1.63,,,,,
11/29/12,0.09,0.25,1.62,,,,,
11/30/12,0.08,0.25,1.62,,,,,
12/3/12,0.1,0.25,1.63,,,,,
12/4/12,0.1,0.25,1.62,,,,,
12/5/12,0.1,0.25,1.6,,,,,
12/6/12,0.1,0.25,1.59,,,,,
12/7/12,0.09,0.25,1.64,,,,,
12/10/12,0.09,0.24,1.63,,,,,
12/11/12,0.08,0.24,1.66,,,,,
12/12/12,0.07,0.25,1.72,,,,,
12/13/12,0.06,0.27,1.74,,,,,
12/14/12,0.04,0.24,1.72,,,,,
12/17/12,0.05,0.25,1.78,,,,,
12/18/12,0.06,0.28,1.84,,,,,
12/19/12,0.05,0.28,1.82,,,,,
12/20/12,0.06,0.28,1.81,,,,,
12/21/12,0.06,0.26,1.77,,,,,
12/24/12,0.06,0.26,1.79,,,,,
12/25/12,0,0,0,,,,,
12/26/12,0.09,0.26,1.77,,,,,
12/27/12,0.08,0.26,1.74,,,,,
12/28/12,0.01,0.27,1.73,,,,,
12/31/12,0.05,0.25,1.78,,,,,
1/1/13,0,0,0,,,,,
1/2/13,0.08,0.27,1.86,,,,,
1/3/13,0.08,0.27,1.92,,,,,
1/4/13,0.07,0.27,1.93,,,,,
1/7/13,0.07,0.27,1.92,,,,,
1/8/13,0.07,0.25,1.89,,,,,
1/9/13,0.06,0.24,1.88,,,,,
1/10/13,0.06,0.26,1.91,,,,,
1/11/13,0.07,0.26,1.89,,,,,
1/14/13,0.08,0.26,1.89,,,,,
1/15/13,0.09,0.26,1.86,,,,,
1/16/13,0.08,0.26,1.84,,,,,
1/17/13,0.07,0.28,1.89,,,,,
1/18/13,0.08,0.26,1.87,,,,,
1/21/13,0,0,0,,,,,
1/22/13,0.08,0.26,1.86,,,,,
1/23/13,0.08,0.26,1.86,,,,,
1/24/13,0.08,0.23,1.88,,,,,
1/25/13,0.08,0.28,1.98,,,,,
1/28/13,0.07,0.29,2,,,,,
1/29/13,0.07,0.3,2.03,,,,,
1/30/13,0.07,0.27,2.03,,,,,
1/31/13,0.07,0.27,2.02,,,,,
2/1/13,0.06,0.27,2.04,,,,,
2/4/13,0.07,0.25,2,,,,,
2/5/13,0.07,0.27,2.04,,,,,
2/6/13,0.07,0.27,2,,,,,
2/7/13,0.07,0.25,1.99,,,,,
2/8/13,0.07,0.25,1.99,,,,,
2/11/13,0.09,0.27,1.99,,,,,
2/12/13,0.09,0.29,2.02,,,,,
2/13/13,0.1,0.29,2.05,,,,,
2/14/13,0.11,0.27,2,,,,,
2/15/13,0.1,0.29,2.01,,,,,
2/18/13,0,0,0,,,,,
2/19/13,0.12,0.29,2.03,,,,,
2/20/13,0.12,0.27,2.02,,,,,
2/21/13,0.13,0.26,1.99,,,,,
2/22/13,0.13,0.27,1.97,,,,,
2/25/13,0.12,0.25,1.88,,,,,
2/26/13,0.14,0.25,1.88,,,,,
2/27/13,0.11,0.27,1.91,,,,,
2/28/13,0.11,0.25,1.89,,,,,
3/1/13,0.11,0.25,1.86,,,,,
3/4/13,0.11,0.24,1.88,,,,,
3/5/13,0.08,0.25,1.9,,,,,
3/6/13,0.1,0.25,1.95,,,,,
3/7/13,0.1,0.25,2,,,,,
3/8/13,0.1,0.27,2.06,,,,,
3/11/13,0.1,0.27,2.07,,,,,
3/12/13,0.1,0.27,2.03,,,,,
3/13/13,0.09,0.27,2.04,,,,,
3/14/13,0.1,0.27,2.04,,,,,
3/15/13,0.09,0.25,2.01,,,,,
3/18/13,0.07,0.26,1.96,,,,,
3/19/13,0.07,0.24,1.92,,,,,
3/20/13,0.07,0.26,1.96,,,,,
3/21/13,0.07,0.27,1.95,,,,,
3/22/13,0.07,0.26,1.93,,,,,
3/25/13,0.08,0.24,1.93,,,,,
3/26/13,0.07,0.25,1.92,,,,,
3/27/13,0.09,0.25,1.87,,,,,
3/28/13,0.07,0.25,1.87,,,,,
3/29/13,0,0,0,,,,,
4/1/13,0.08,0.23,1.86,,,,,
4/2/13,0.07,0.25,1.88,,,,,
4/3/13,0.06,0.24,1.83,,,,,
4/4/13,0.07,0.22,1.78,,,,,
4/5/13,0.07,0.24,1.72,,,,,
4/8/13,0.07,0.24,1.76,,,,,
4/9/13,0.06,0.24,1.78,,,,,
4/10/13,0.07,0.24,1.84,,,,,
4/11/13,0.07,0.24,1.82,,,,,
4/12/13,0.06,0.22,1.75,,,,,
4/15/13,0.06,0.22,1.72,,,,,
4/16/13,0.06,0.24,1.75,,,,,
4/17/13,0.06,0.24,1.73,,,,,
4/18/13,0.05,0.24,1.72,,,,,
4/19/13,0.05,0.24,1.73,,,,,
4/22/13,0.05,0.24,1.72,,,,,
4/23/13,0.05,0.23,1.74,,,,,
4/24/13,0.06,0.23,1.73,,,,,
4/25/13,0.05,0.23,1.74,,,,,
4/26/13,0.05,0.22,1.7,,,,,
4/29/13,0.05,0.2,1.7,,,,,
4/30/13,0.05,0.22,1.7,,,,,
5/1/13,0.06,0.2,1.66,,,,,
5/2/13,0.05,0.2,1.66,,,,,
5/3/13,0.05,0.22,1.78,,,,,
5/6/13,0.04,0.22,1.8,,,,,
5/7/13,0.04,0.22,1.82,,,,,
5/8/13,0.04,0.22,1.81,,,,,
5/9/13,0.04,0.22,1.81,,,,,
5/10/13,0.04,0.26,1.9,,,,,
5/13/13,0.05,0.24,1.92,,,,,
5/14/13,0.05,0.26,1.96,,,,,
5/15/13,0.04,0.26,1.94,,,,,
5/16/13,0.03,0.23,1.87,,,,,
5/17/13,0.04,0.26,1.95,,,,,
5/20/13,0.05,0.26,1.97,,,,,
5/21/13,0.04,0.26,1.94,,,,,
5/22/13,0.04,0.26,2.03,,,,,
5/23/13,0.05,0.26,2.02,,,,,
5/24/13,0.04,0.26,2.01,,,,,
5/27/13,0,0,0,,,,,
5/28/13,0.05,0.29,2.15,,,,,
5/29/13,0.05,0.3,2.13,,,,,
5/30/13,0.04,0.31,2.13,,,,,
5/31/13,0.04,0.3,2.16,,,,,
6/3/13,0.05,0.3,2.13,,,,,
6/4/13,0.04,0.32,2.14,,,,,
6/5/13,0.05,0.3,2.1,,,,,
6/6/13,0.05,0.3,2.08,,,,,
6/7/13,0.04,0.32,2.17,,,,,
6/10/13,0.05,0.32,2.22,,,,,
6/11/13,0.05,0.34,2.2,,,,,
6/12/13,0.05,0.34,2.25,,,,,
6/13/13,0.05,0.32,2.19,,,,,
6/14/13,0.05,0.29,2.14,,,,,
6/17/13,0.05,0.27,2.19,,,,,
6/18/13,0.05,0.27,2.2,,,,,
6/19/13,0.05,0.31,2.33,,,,,
6/20/13,0.05,0.33,2.41,,,,,
6/21/13,0.05,0.38,2.52,,,,,
6/24/13,0.06,0.42,2.57,,,,,
6/25/13,0.06,0.43,2.6,,,,,
6/26/13,0.06,0.39,2.55,,,,,
6/27/13,0.06,0.36,2.49,,,,,
6/28/13,0.04,0.36,2.52,,,,,
7/1/13,0.04,0.34,2.5,,,,,
7/2/13,0.03,0.34,2.48,,,,,
7/3/13,0.05,0.36,2.52,,,,,
7/4/13,0,0,0,,,,,
7/5/13,0.04,0.4,2.73,,,,,
7/8/13,0.05,0.37,2.65,,,,,
7/9/13,0.04,0.37,2.65,,,,,
7/10/13,0.04,0.38,2.7,,,,,
7/11/13,0.04,0.34,2.6,,,,,
7/12/13,0.04,0.37,2.61,,,,,
7/15/13,0.04,0.34,2.57,,,,,
7/16/13,0.03,0.34,2.55,,,,,
7/17/13,0.03,0.32,2.52,,,,,
7/18/13,0.03,0.32,2.56,,,,,
7/19/13,0.03,0.32,2.5,,,,,
7/22/13,0.04,0.32,2.5,,,,,
7/23/13,0.02,0.33,2.53,,,,,
7/24/13,0.03,0.34,2.61,,,,,
7/25/13,0.02,0.32,2.61,,,,,
7/26/13,0.03,0.31,2.58,,,,,
7/29/13,0.03,0.33,2.61,,,,,
7/30/13,0.04,0.33,2.63,,,,,
7/31/13,0.04,0.31,2.6,,,,,
8/1/13,0.04,0.35,2.74,,,,,
8/2/13,0.04,0.3,2.63,,,,,
8/5/13,0.05,0.32,2.67,,,,,
8/6/13,0.04,0.32,2.67,,,,,
8/7/13,0.05,0.32,2.61,,,,,
8/8/13,0.05,0.3,2.58,,,,,
8/9/13,0.05,0.32,2.57,,,,,
8/12/13,0.06,0.32,2.61,,,,,
8/13/13,0.06,0.34,2.71,,,,,
8/14/13,0.05,0.34,2.71,,,,,
8/15/13,0.05,0.36,2.77,,,,,
8/16/13,0.05,0.36,2.84,,,,,
8/19/13,0.06,0.36,2.88,,,,,
8/20/13,0.04,0.36,2.82,,,,,
8/21/13,0.04,0.38,2.87,,,,,
8/22/13,0.03,0.42,2.9,,,,,
8/23/13,0.03,0.4,2.82,,,,,
8/26/13,0.04,0.41,2.79,,,,,
8/27/13,0.05,0.38,2.72,,,,,
8/28/13,0.03,0.4,2.78,,,,,
8/29/13,0.02,0.39,2.75,,,,,
8/30/13,0.03,0.39,2.78,,,,,
9/2/13,0,0,0,,,,,
9/3/13,0.02,0.43,2.86,,,,,
9/4/13,0.02,0.46,2.9,,,,,
9/5/13,0.02,0.52,2.98,,,,,
9/6/13,0.02,0.46,2.94,,,,,
9/9/13,0.02,0.45,2.9,,,,,
9/10/13,0.02,0.5,2.96,,,,,
9/11/13,0.02,0.47,2.93,,,,,
9/12/13,0.01,0.45,2.92,,,,,
9/13/13,0.01,0.45,2.9,,,,,
9/16/13,0.02,0.41,2.88,,,,,
9/17/13,0.01,0.39,2.86,,,,,
9/18/13,0.01,0.34,2.69,,,,,
9/19/13,0.01,0.34,2.76,,,,,
9/20/13,0.01,0.34,2.75,,,,,
9/23/13,0.02,0.35,2.72,,,,,
9/24/13,0.02,0.35,2.67,,,,,
9/25/13,0.02,0.36,2.63,,,,,
9/26/13,0,0.34,2.66,,,,,
9/27/13,0.02,0.34,2.64,,,,,
9/30/13,0.02,0.33,2.64,,,,,
10/1/13,0.02,0.33,2.66,,,,,
10/2/13,0.02,0.31,2.63,,,,,
10/3/13,0.03,0.33,2.62,,,,,
10/4/13,0.03,0.33,2.66,,,,,
10/7/13,0.03,0.37,2.65,,,,,
10/8/13,0.05,0.4,2.66,,,,,
10/9/13,0.05,0.37,2.68,,,,,
10/10/13,0.05,0.35,2.71,,,,,
10/11/13,0.08,0.35,2.7,,,,,
10/14/13,0,0,0,,,,,
10/15/13,0.14,0.37,2.75,,,,,
10/16/13,0.1,0.34,2.69,,,,,
10/17/13,0.05,0.33,2.61,,,,,
10/18/13,0.04,0.33,2.6,,,,,
10/21/13,0.04,0.33,2.63,,,,,
10/22/13,0.04,0.31,2.54,,,,,
10/23/13,0.04,0.31,2.51,,,,,
10/24/13,0.03,0.33,2.53,,,,,
10/25/13,0.04,0.32,2.53,,,,,
10/28/13,0.04,0.32,2.54,,,,,
10/29/13,0.04,0.31,2.53,,,,,
10/30/13,0.04,0.33,2.55,,,,,
10/31/13,0.04,0.31,2.57,,,,,
11/1/13,0.04,0.33,2.65,,,,,
11/4/13,0.05,0.32,2.63,,,,,
11/5/13,0.05,0.32,2.69,,,,,
11/6/13,0.05,0.3,2.67,,,,,
11/7/13,0.05,0.29,2.63,,,,,
11/8/13,0.06,0.32,2.77,,,,,
11/11/13,0,0,0,,,,,
11/12/13,0.08,0.34,2.8,,,,,
11/13/13,0.08,0.32,2.75,,,,,
11/14/13,0.08,0.29,2.69,,,,,
11/15/13,0.08,0.31,2.71,,,,,
11/18/13,0.09,0.31,2.67,,,,,
11/19/13,0.08,0.29,2.71,,,,,
11/20/13,0.08,0.28,2.8,,,,,
11/21/13,0.07,0.29,2.79,,,,,
11/22/13,0.07,0.31,2.75,,,,,
11/25/13,0.08,0.3,2.74,,,,,
11/26/13,0.07,0.29,2.71,,,,,
11/27/13,0.07,0.28,2.74,,,,,
11/28/13,0,0,0,,,,,
11/29/13,0.06,0.28,2.75,,,,,
12/2/13,0.05,0.3,2.81,,,,,
12/3/13,0.06,0.28,2.79,,,,,
12/4/13,0.06,0.3,2.84,,,,,
12/5/13,0.06,0.3,2.88,,,,,
12/6/13,0.06,0.3,2.88,,,,,
12/9/13,0.07,0.3,2.86,,,,,
12/10/13,0.07,0.3,2.81,,,,,
12/11/13,0.07,0.31,2.86,,,,,
12/12/13,0.07,0.34,2.89,,,,,
12/13/13,0.07,0.34,2.88,,,,,
12/16/13,0.07,0.34,2.89,,,,,
12/17/13,0.07,0.34,2.85,,,,,
12/18/13,0.07,0.32,2.89,,,,,
12/19/13,0.06,0.35,2.94,,,,,
12/20/13,0.07,0.37,2.89,,,,,
12/23/13,0.07,0.38,2.94,,,,,
12/24/13,0.07,0.38,2.99,,,,,
12/25/13,0,0,0,,,,,
12/26/13,0.07,0.42,3,,,,,
12/27/13,0.07,0.4,3.02,,,,,
12/30/13,0.07,0.39,2.99,,,,,
12/31/13,0.07,0.38,3.04,,,,,
1/1/14,0,0,0,,,,,
1/2/14,0.07,0.39,3,,,,,
1/3/14,0.07,0.41,3.01,,,,,
1/6/14,0.05,0.4,2.98,,,,,
1/7/14,0.04,0.4,2.96,,,,,
1/8/14,0.05,0.43,3.01,,,,,
1/9/14,0.04,0.44,2.97,,,,,
1/10/14,0.05,0.39,2.88,,,,,
1/13/14,0.03,0.39,2.84,,,,,
1/14/14,0.04,0.39,2.88,,,,,
1/15/14,0.04,0.41,2.9,,,,,
1/16/14,0.04,0.41,2.86,,,,,
1/17/14,0.05,0.4,2.84,,,,,
1/20/14,0,0,0,,,,,
1/21/14,0.04,0.4,2.85,,,,,
1/22/14,0.04,0.44,2.87,,,,,
1/23/14,0.04,0.39,2.79,,,,,
1/24/14,0.04,0.37,2.75,,,,,
1/27/14,0.05,0.37,2.78,,,,,
1/28/14,0.05,0.38,2.77,,,,,
1/29/14,0.04,0.36,2.69,,,,,
1/30/14,0.02,0.36,2.72,,,,,
1/31/14,0.02,0.34,2.67,,,,,
2/3/14,0.05,0.3,2.61,,,,,
2/4/14,0.06,0.31,2.64,,,,,
2/5/14,0.07,0.32,2.7,,,,,
2/6/14,0.07,0.33,2.73,,,,,
2/7/14,0.08,0.3,2.71,,,,,
2/10/14,0.07,0.32,2.7,,,,,
2/11/14,0.05,0.35,2.75,,,,,
2/12/14,0.05,0.35,2.8,,,,,
2/13/14,0.03,0.32,2.73,,,,,
2/14/14,0.02,0.32,2.75,,,,,
2/17/14,0,0,0,,,,,
2/18/14,0.05,0.31,2.71,,,,,
2/19/14,0.06,0.33,2.73,,,,,
2/20/14,0.05,0.34,2.76,,,,,
2/21/14,0.05,0.33,2.73,,,,,
2/24/14,0.05,0.35,2.75,,,,,
2/25/14,0.05,0.34,2.7,,,,,
2/26/14,0.05,0.33,2.67,,,,,
2/27/14,0.04,0.33,2.65,,,,,
2/28/14,0.05,0.33,2.66,,,,,
3/3/14,0.05,0.32,2.6,,,,,
3/4/14,0.05,0.33,2.7,,,,,
3/5/14,0.06,0.33,2.7,,,,,
3/6/14,0.05,0.37,2.74,,,,,
3/7/14,0.06,0.38,2.8,,,,,
3/10/14,0.05,0.37,2.79,,,,,
3/11/14,0.05,0.37,2.77,,,,,
3/12/14,0.05,0.37,2.73,,,,,
3/13/14,0.05,0.34,2.66,,,,,
3/14/14,0.05,0.36,2.65,,,,,
3/17/14,0.06,0.38,2.7,,,,,
3/18/14,0.05,0.36,2.68,,,,,
3/19/14,0.06,0.47,2.78,,,,,
3/20/14,0.06,0.45,2.79,,,,,
3/21/14,0.06,0.45,2.75,,,,,
3/24/14,0.06,0.47,2.74,,,,,
3/25/14,0.05,0.47,2.75,,,,,
3/26/14,0.05,0.45,2.71,,,,,
3/27/14,0.04,0.45,2.69,,,,,
3/28/14,0.04,0.45,2.73,,,,,
3/31/14,0.05,0.44,2.73,,,,,
4/1/14,0.04,0.44,2.77,,,,,
4/2/14,0.02,0.47,2.82,,,,,
4/3/14,0.02,0.46,2.8,,,,,
4/4/14,0.03,0.43,2.74,,,,,
4/7/14,0.03,0.41,2.71,,,,,
4/8/14,0.03,0.4,2.69,,,,,
4/9/14,0.04,0.37,2.71,,,,,
4/10/14,0.04,0.37,2.65,,,,,
4/11/14,0.04,0.37,2.63,,,,,
4/14/14,0.04,0.37,2.65,,,,,
4/15/14,0.04,0.39,2.64,,,,,
4/16/14,0.04,0.39,2.65,,,,,
4/17/14,0.03,0.43,2.73,,,,,
4/18/14,0,0,0,,,,,
4/21/14,0.04,0.42,2.73,,,,,
4/22/14,0.03,0.45,2.73,,,,,
4/23/14,0.02,0.43,2.7,,,,,
4/24/14,0.01,0.43,2.7,,,,,
4/25/14,0.03,0.43,2.68,,,,,
4/28/14,0.03,0.44,2.7,,,,,
4/29/14,0.02,0.44,2.71,,,,,
4/30/14,0.03,0.42,2.67,,,,,
5/1/14,0.03,0.41,2.63,,,,,
5/2/14,0.02,0.42,2.6,,,,,
5/5/14,0.03,0.43,2.63,,,,,
5/6/14,0.03,0.43,2.61,,,,,
5/7/14,0.03,0.41,2.62,,,,,
5/8/14,0.03,0.4,2.61,,,,,
5/9/14,0.03,0.4,2.62,,,,,
5/12/14,0.03,0.41,2.66,,,,,
5/13/14,0.03,0.39,2.61,,,,,
5/14/14,0.03,0.39,2.54,,,,,
5/15/14,0.03,0.38,2.5,,,,,
5/16/14,0.03,0.38,2.52,,,,,
5/19/14,0.03,0.36,2.54,,,,,
5/20/14,0.03,0.35,2.52,,,,,
5/21/14,0.04,0.37,2.54,,,,,
5/22/14,0.03,0.37,2.56,,,,,
5/23/14,0.04,0.37,2.54,,,,,
5/26/14,0,0,0,,,,,
5/27/14,0.04,0.39,2.52,,,,,
5/28/14,0.04,0.37,2.44,,,,,
5/29/14,0.04,0.37,2.45,,,,,
5/30/14,0.04,0.37,2.48,,,,,
6/2/14,0.04,0.39,2.54,,,,,
6/3/14,0.04,0.41,2.6,,,,,
6/4/14,0.04,0.41,2.61,,,,,
6/5/14,0.04,0.4,2.59,,,,,
6/6/14,0.04,0.41,2.6,,,,,
6/9/14,0.04,0.43,2.62,,,,,
6/10/14,0.04,0.45,2.64,,,,,
6/11/14,0.04,0.44,2.65,,,,,
6/12/14,0.04,0.42,2.58,,,,,
6/13/14,0.04,0.45,2.6,,,,,
6/16/14,0.04,0.49,2.61,,,,,
6/17/14,0.04,0.51,2.66,,,,,
6/18/14,0.03,0.48,2.61,,,,,
6/19/14,0.02,0.48,2.64,,,,,
6/20/14,0.02,0.5,2.63,,,,,
6/23/14,0.03,0.48,2.63,,,,,
6/24/14,0.03,0.49,2.59,,,,,
6/25/14,0.03,0.48,2.57,,,,,
6/26/14,0.04,0.46,2.53,,,,,
6/27/14,0.03,0.45,2.54,,,,,
6/30/14,0.04,0.47,2.53,,,,,
7/1/14,0.02,0.47,2.58,,,,,
7/2/14,0.02,0.49,2.64,,,,,
7/3/14,0.01,0.52,2.65,,,,,
7/4/14,0,0,0,,,,,
7/7/14,0.04,0.52,2.63,,,,,
7/8/14,0.03,0.51,2.58,,,,,
7/9/14,0.03,0.51,2.57,,,,,
7/10/14,0.02,0.46,2.55,,,,,
7/11/14,0.02,0.48,2.53,,,,,
7/14/14,0.03,0.48,2.55,,,,,
7/15/14,0.02,0.49,2.56,,,,,
7/16/14,0.02,0.5,2.55,,,,,
7/17/14,0.02,0.47,2.47,,,,,
7/18/14,0.02,0.51,2.5,,,,,
7/21/14,0.03,0.51,2.49,,,,,
7/22/14,0.03,0.49,2.48,,,,,
7/23/14,0.03,0.5,2.48,,,,,
7/24/14,0.03,0.53,2.52,,,,,
7/25/14,0.03,0.53,2.48,,,,,
7/28/14,0.04,0.54,2.5,,,,,
7/29/14,0.02,0.54,2.47,,,,,
7/30/14,0.04,0.56,2.57,,,,,
7/31/14,0.03,0.53,2.58,,,,,
8/1/14,0.03,0.47,2.52,,,,,
8/4/14,0.04,0.47,2.51,,,,,
8/5/14,0.03,0.47,2.49,,,,,
8/6/14,0.03,0.48,2.49,,,,,
8/7/14,0.03,0.44,2.43,,,,,
8/8/14,0.03,0.45,2.44,,,,,
8/11/14,0.04,0.47,2.44,,,,,
8/12/14,0.03,0.45,2.46,,,,,
8/13/14,0.04,0.43,2.43,,,,,
8/14/14,0.04,0.42,2.4,,,,,
8/15/14,0.03,0.42,2.34,,,,,
8/18/14,0.03,0.44,2.39,,,,,
8/19/14,0.03,0.46,2.4,,,,,
8/20/14,0.04,0.49,2.43,,,,,
8/21/14,0.02,0.49,2.41,,,,,
8/22/14,0.03,0.53,2.4,,,,,
8/25/14,0.04,0.53,2.39,,,,,
8/26/14,0.03,0.52,2.39,,,,,
8/27/14,0.04,0.51,2.37,,,,,
8/28/14,0.03,0.5,2.34,,,,,
8/29/14,0.03,0.48,2.35,,,,,
9/1/14,0,0,0,,,,,
9/2/14,0.03,0.53,2.42,,,,,
9/3/14,0.03,0.52,2.41,,,,,
9/4/14,0.03,0.54,2.45,,,,,
9/5/14,0.03,0.52,2.46,,,,,
9/8/14,0.02,0.54,2.48,,,,,
9/9/14,0.02,0.56,2.5,,,,,
9/10/14,0.02,0.58,2.54,,,,,
9/11/14,0.02,0.58,2.54,,,,,
9/12/14,0.02,0.58,2.62,,,,,
9/15/14,0.02,0.58,2.6,,,,,
9/16/14,0.02,0.55,2.6,,,,,
9/17/14,0.02,0.59,2.62,,,,,
9/18/14,0.02,0.59,2.63,,,,,
9/19/14,0.02,0.59,2.59,,,,,
9/22/14,0.01,0.58,2.57,,,,,
9/23/14,0.01,0.57,2.54,,,,,
9/24/14,0.02,0.59,2.57,,,,,
9/25/14,0.01,0.56,2.52,,,,,
9/26/14,0.01,0.59,2.54,,,,,
9/29/14,0.02,0.58,2.5,,,,,
9/30/14,0.02,0.58,2.52,,,,,
10/1/14,0.02,0.53,2.42,,,,,
10/2/14,0.01,0.53,2.44,,,,,
10/3/14,0.01,0.57,2.45,,,,,
10/6/14,0.02,0.54,2.43,,,,,
10/7/14,0.02,0.52,2.36,,,,,
10/8/14,0.01,0.46,2.35,,,,,
10/9/14,0.01,0.46,2.34,,,,,
10/10/14,0.01,0.45,2.31,,,,,
10/13/14,0,0,0,,,,,
10/14/14,0.02,0.39,2.21,,,,,
10/15/14,0.02,0.34,2.15,,,,,
10/16/14,0.03,0.35,2.17,,,,,
10/17/14,0.02,0.39,2.22,,,,,
10/20/14,0.02,0.37,2.2,,,,,
10/21/14,0.02,0.38,2.23,,,,,
10/22/14,0.02,0.41,2.25,,,,,
10/23/14,0.01,0.41,2.29,,,,,
10/24/14,0.01,0.41,2.29,,,,,
10/27/14,0.02,0.41,2.27,,,,,
10/28/14,0.02,0.42,2.3,,,,,
10/29/14,0.03,0.48,2.34,,,,,
10/30/14,0.01,0.48,2.32,,,,,
10/31/14,0.01,0.5,2.35,,,,,
11/3/14,0.02,0.52,2.36,,,,,
11/4/14,0.03,0.52,2.35,,,,,
11/5/14,0.03,0.52,2.36,,,,,
11/6/14,0.03,0.54,2.39,,,,,
11/7/14,0.03,0.51,2.32,,,,,
11/10/14,0.02,0.55,2.38,,,,,
11/11/14,0,0,0,,,,,
11/12/14,0.02,0.55,2.37,,,,,
11/13/14,0.02,0.53,2.35,,,,,
11/14/14,0.02,0.54,2.32,,,,,
11/17/14,0.03,0.54,2.34,,,,,
11/18/14,0.02,0.53,2.32,,,,,
11/19/14,0.01,0.54,2.36,,,,,
11/20/14,0.02,0.53,2.34,,,,,
11/21/14,0.01,0.53,2.31,,,,,
11/24/14,0.02,0.53,2.3,,,,,
11/25/14,0.02,0.51,2.27,,,,,
11/26/14,0.02,0.53,2.24,,,,,
11/27/14,0,0,0,,,,,
11/28/14,0.02,0.47,2.18,,,,,
12/1/14,0.03,0.49,2.22,,,,,
12/2/14,0.03,0.55,2.28,,,,,
12/3/14,0.01,0.57,2.29,,,,,
12/4/14,0.02,0.55,2.25,,,,,
12/5/14,0.02,0.65,2.31,,,,,
12/8/14,0.03,0.64,2.26,,,,,
12/9/14,0.04,0.64,2.22,,,,,
12/10/14,0.03,0.59,2.18,,,,,
12/11/14,0.03,0.62,2.19,,,,,
12/12/14,0.02,0.56,2.1,,,,,
12/15/14,0.04,0.6,2.12,,,,,
12/16/14,0.03,0.58,2.07,,,,,
12/17/14,0.03,0.62,2.14,,,,,
12/18/14,0.04,0.67,2.22,,,,,
12/19/14,0.04,0.67,2.17,,,,,
12/22/14,0.05,0.71,2.17,,,,,
12/23/14,0.03,0.73,2.26,,,,,
12/24/14,0.01,0.73,2.27,,,,,
12/25/14,0,0,0,,,,,
12/26/14,0.01,0.73,2.25,,,,,
12/29/14,0.03,0.72,2.22,,,,,
12/30/14,0.03,0.69,2.2,,,,,
12/31/14,0.04,0.67,2.17,,,,,
1/1/15,0,0,0,,,,,
1/2/15,0.02,0.66,2.12,,,,,
1/5/15,0.03,0.68,2.04,,,,,
1/6/15,0.03,0.65,1.97,,,,,
1/7/15,0.03,0.62,1.96,,,,,
1/8/15,0.03,0.62,2.03,,,,,
1/9/15,0.02,0.59,1.98,,,,,
1/12/15,0.03,0.56,1.92,,,,,
1/13/15,0.03,0.54,1.91,,,,,
1/14/15,0.04,0.51,1.86,,,,,
1/15/15,0.03,0.44,1.77,,,,,
1/16/15,0.03,0.49,1.83,,,,,
1/19/15,0,0,0,,,,,
1/20/15,0.03,0.53,1.82,,,,,
1/21/15,0.03,0.53,1.87,,,,,
1/22/15,0.03,0.53,1.9,,,,,
1/23/15,0.02,0.52,1.81,,,,,
1/26/15,0.03,0.54,1.83,,,,,
1/27/15,0.02,0.54,1.83,,,,,
1/28/15,0.02,0.5,1.73,,,,,
1/29/15,0.03,0.51,1.77,,,,,
1/30/15,0.02,0.47,1.68,,,,,
2/2/15,0.02,0.49,1.68,,,,,
2/3/15,0.02,0.52,1.79,,,,,
2/4/15,0.01,0.52,1.81,,,,,
2/5/15,0.02,0.52,1.83,,,,,
2/6/15,0.02,0.65,1.95,,,,,
2/9/15,0.01,0.65,1.96,,,,,
2/10/15,0.01,0.67,2.01,,,,,
2/11/15,0.01,0.67,2,,,,,
2/12/15,0.02,0.61,1.99,,,,,
2/13/15,0.01,0.66,2.02,,,,,
2/16/15,0,0,0,,,,,
2/17/15,0.02,0.7,2.14,,,,,
2/18/15,0.02,0.62,2.07,,,,,
2/19/15,0.02,0.67,2.11,,,,,
2/20/15,0.02,0.67,2.13,,,,,
2/23/15,0.02,0.64,2.06,,,,,
2/24/15,0.02,0.6,1.99,,,,,
2/25/15,0.02,0.61,1.96,,,,,
2/26/15,0.03,0.66,2.03,,,,,
2/27/15,0.02,0.63,2,,,,,
3/2/15,0.02,0.66,2.08,,,,,
3/3/15,0.02,0.68,2.12,,,,,
3/4/15,0.01,0.66,2.12,,,,,
3/5/15,0.02,0.65,2.11,,,,,
3/6/15,0.01,0.73,2.24,,,,,
3/9/15,0.02,0.7,2.2,,,,,
3/10/15,0.02,0.7,2.14,,,,,
3/11/15,0.03,0.7,2.11,,,,,
3/12/15,0.03,0.67,2.1,,,,,
3/13/15,0.03,0.68,2.13,,,,,
3/16/15,0.05,0.66,2.1,,,,,
3/17/15,0.05,0.7,2.06,,,,,
3/18/15,0.03,0.57,1.93,,,,,
3/19/15,0.03,0.63,1.98,,,,,
3/20/15,0.01,0.6,1.93,,,,,
3/23/15,0.03,0.6,1.92,,,,,
3/24/15,0.02,0.58,1.88,,,,,
3/25/15,0.04,0.59,1.93,,,,,
3/26/15,0.03,0.61,2.01,,,,,
3/27/15,0.04,0.58,1.95,,,,,
3/30/15,0.04,0.58,1.96,,,,,
3/31/15,0.03,0.56,1.94,,,,,
4/1/15,0.03,0.55,1.87,,,,,
4/2/15,0.02,0.55,1.92,,,,,
4/3/15,0.02,0.49,1.85,,,,,
4/6/15,0.03,0.51,1.92,,,,,
4/7/15,0.02,0.52,1.89,,,,,
4/8/15,0.03,0.54,1.92,,,,,
4/9/15,0.03,0.56,1.97,,,,,
4/10/15,0.02,0.57,1.96,,,,,
4/13/15,0.03,0.54,1.94,,,,,
4/14/15,0.02,0.53,1.9,,,,,
4/15/15,0.02,0.51,1.91,,,,,
4/16/15,0.02,0.5,1.9,,,,,
4/17/15,0.01,0.51,1.87,,,,,
4/20/15,0.03,0.55,1.9,,,,,
4/21/15,0.03,0.55,1.92,,,,,
4/22/15,0.03,0.57,1.99,,,,,
4/23/15,0.03,0.55,1.96,,,,,
4/24/15,0.03,0.54,1.93,,,,,
4/27/15,0.02,0.54,1.94,,,,,
4/28/15,0.02,0.56,2,,,,,
4/29/15,0.01,0.56,2.06,,,,,
4/30/15,0.01,0.58,2.05,,,,,
5/1/15,0.01,0.6,2.12,,,,,
5/4/15,0.02,0.6,2.16,,,,,
5/5/15,0.01,0.62,2.19,,,,,
5/6/15,0.02,0.65,2.25,,,,,
5/7/15,0.01,0.63,2.18,,,,,
5/8/15,0.01,0.59,2.16,,,,,
5/11/15,0.02,0.62,2.28,,,,,
5/12/15,0.03,0.61,2.28,,,,,
5/13/15,0.02,0.59,2.27,,,,,
5/14/15,0.01,0.56,2.23,,,,,
5/15/15,0.02,0.55,2.14,,,,,
5/18/15,0.02,0.58,2.23,,,,,
5/19/15,0.02,0.63,2.27,,,,,
5/20/15,0.02,0.6,2.26,,,,,
5/21/15,0.02,0.6,2.19,,,,,
5/22/15,0.02,0.64,2.21,,,,,
5/25/15,0,0,0,,,,,
5/26/15,0.02,0.64,2.14,,,,,
5/27/15,0.01,0.64,2.14,,,,,
5/28/15,0.01,0.62,2.13,,,,,
5/29/15,0.01,0.61,2.12,,,,,
6/1/15,0.02,0.64,2.19,,,,,
6/2/15,0.01,0.64,2.27,,,,,
6/3/15,0.02,0.69,2.38,,,,,
6/4/15,0.02,0.66,2.31,,,,,
6/5/15,0.03,0.73,2.41,,,,,
6/8/15,0.02,0.7,2.39,,,,,
6/9/15,0.02,0.72,2.42,,,,,
6/10/15,0.02,0.75,2.5,,,,,
6/11/15,0.01,0.73,2.39,,,,,
6/12/15,0.02,0.74,2.39,,,,,
6/15/15,0.02,0.72,2.36,,,,,
6/16/15,0.01,0.71,2.32,,,,,
6/17/15,0.01,0.67,2.32,,,,,
6/18/15,0.01,0.66,2.35,,,,,
6/19/15,0.01,0.65,2.26,,,,,
6/22/15,0.01,0.68,2.37,,,,,
6/23/15,0.01,0.7,2.42,,,,,
6/24/15,0.01,0.68,2.38,,,,,
6/25/15,0.01,0.68,2.4,,,,,
6/26/15,0.01,0.72,2.49,,,,,
6/29/15,0.02,0.64,2.33,,,,,
6/30/15,0.01,0.64,2.35,,,,,
7/1/15,0.01,0.69,2.43,,,,,
7/2/15,0.01,0.64,2.4,,,,,
7/3/15,0,0,0,,,,,
7/6/15,0.02,0.6,2.3,,,,,
7/7/15,0.02,0.58,2.27,,,,,
7/8/15,0.02,0.55,2.22,,,,,
7/9/15,0.03,0.6,2.32,,,,,
7/10/15,0.01,0.65,2.42,,,,,
7/13/15,0.02,0.69,2.44,,,,,
7/14/15,0.01,0.66,2.41,,,,,
7/15/15,0.02,0.64,2.36,,,,,
7/16/15,0.02,0.67,2.36,,,,,
7/17/15,0.03,0.68,2.34,,,,,
7/20/15,0.04,0.71,2.38,,,,,
7/21/15,0.03,0.71,2.35,,,,,
7/22/15,0.04,0.75,2.33,,,,,
7/23/15,0.03,0.71,2.28,,,,,
7/24/15,0.04,0.7,2.27,,,,,
7/27/15,0.05,0.68,2.23,,,,,
7/28/15,0.05,0.69,2.26,,,,,
7/29/15,0.06,0.7,2.29,,,,,
7/30/15,0.07,0.72,2.28,,,,,
7/31/15,0.08,0.67,2.2,,,,,
8/3/15,0.08,0.68,2.16,,,,,
8/4/15,0.08,0.74,2.23,,,,,
8/5/15,0.08,0.73,2.28,,,,,
8/6/15,0.04,0.71,2.23,,,,,
8/7/15,0.06,0.73,2.18,,,,,
8/10/15,0.12,0.73,2.24,,,,,
8/11/15,0.1,0.68,2.15,,,,,
8/12/15,0.1,0.67,2.14,,,,,
8/13/15,0.1,0.72,2.19,,,,,
8/14/15,0.09,0.73,2.2,,,,,
8/17/15,0.1,0.72,2.16,,,,,
8/18/15,0.07,0.74,2.2,,,,,
8/19/15,0.05,0.67,2.12,,,,,
8/20/15,0.02,0.69,2.09,,,,,
8/21/15,0.03,0.64,2.05,,,,,
8/24/15,0.06,0.59,2.01,,,,,
8/25/15,0.07,0.67,2.12,,,,,
8/26/15,0.06,0.67,2.18,,,,,
8/27/15,0.06,0.68,2.18,,,,,
8/28/15,0.06,0.72,2.19,,,,,
8/31/15,0.08,0.74,2.21,,,,,
9/1/15,0.03,0.7,2.17,,,,,
9/2/15,0.03,0.72,2.2,,,,,
9/3/15,0.02,0.71,2.18,,,,,
9/4/15,0.02,0.71,2.13,,,,,
9/7/15,0,0,0,,,,,
9/8/15,0.06,0.74,2.2,,,,,
9/9/15,0.03,0.75,2.21,,,,,
9/10/15,0.02,0.75,2.23,,,,,
9/11/15,0.04,0.71,2.2,,,,,
9/14/15,0.07,0.73,2.18,,,,,
9/15/15,0.07,0.82,2.28,,,,,
9/16/15,0.06,0.82,2.3,,,,,
9/17/15,0.01,0.7,2.21,,,,,
9/18/15,0,0.69,2.13,,,,,
9/21/15,0.01,0.72,2.2,,,,,
9/22/15,0,0.69,2.14,,,,,
9/23/15,0.01,0.7,2.16,,,,,
9/24/15,0.01,0.67,2.13,,,,,
9/25/15,0,0.7,2.17,,,,,
9/28/15,0.01,0.67,2.1,,,,,
9/29/15,0.01,0.64,2.05,,,,,
9/30/15,0,0.64,2.06,,,,,
10/1/15,0,0.64,2.05,,,,,
10/2/15,0,0.58,1.99,,,,,
10/5/15,0.01,0.61,2.07,,,,,
10/6/15,0,0.61,2.05,,,,,
10/7/15,0,0.65,2.08,,,,,
10/8/15,0,0.65,2.12,,,,,
10/9/15,0.01,0.65,2.12,,,,,
10/12/15,0,0,0,,,,,
10/13/15,0.01,0.64,2.06,,,,,
10/14/15,0,0.57,1.99,,,,,
10/15/15,0.01,0.61,2.04,,,,,
10/16/15,0.01,0.61,2.04,,,,,
10/19/15,0.02,0.61,2.04,,,,,
10/20/15,0.02,0.66,2.08,,,,,
10/21/15,0.01,0.64,2.04,,,,,
10/22/15,0,0.61,2.04,,,,,
10/23/15,0.01,0.66,2.09,,,,,
10/26/15,0.02,0.66,2.07,,,,,
10/27/15,0.03,0.65,2.05,,,,,
10/28/15,0.04,0.73,2.1,,,,,
10/29/15,0.07,0.75,2.19,,,,,
10/30/15,0.08,0.75,2.16,,,,,
11/2/15,0.08,0.77,2.2,,,,,
11/3/15,0.06,0.8,2.23,,,,,
11/4/15,0.05,0.84,2.25,,,,,
11/5/15,0.05,0.85,2.26,,,,,
11/6/15,0.08,0.9,2.34,,,,,
11/9/15,0.14,0.89,2.36,,,,,
11/10/15,0.13,0.87,2.32,,,,,
11/11/15,0,0,0,,,,,
11/12/15,0.14,0.89,2.32,,,,,
11/13/15,0.14,0.86,2.28,,,,,
11/16/15,0.15,0.88,2.27,,,,,
11/17/15,0.14,0.86,2.25,,,,,
11/18/15,0.12,0.9,2.27,,,,,
11/19/15,0.11,0.91,2.24,,,,,
11/20/15,0.12,0.93,2.26,,,,,
11/23/15,0.14,0.94,2.25,,,,,
11/24/15,0.16,0.93,2.24,,,,,
11/25/15,0.19,0.93,2.23,,,,,
11/26/15,0,0,0,,,,,
11/27/15,0.18,0.92,2.22,,,,,
11/30/15,0.22,0.94,2.21,,,,,
12/1/15,0.21,0.91,2.15,,,,,
12/2/15,0.21,0.94,2.18,,,,,
12/3/15,0.21,0.96,2.33,,,,,
12/4/15,0.23,0.96,2.28,,,,,
12/7/15,0.29,0.94,2.23,,,,,
12/8/15,0.27,0.94,2.24,,,,,
12/9/15,0.26,0.93,2.22,,,,,
12/10/15,0.24,0.95,2.24,,,,,
12/11/15,0.23,0.88,2.13,,,,,
12/14/15,0.26,0.97,2.23,,,,,
12/15/15,0.25,0.98,2.28,,,,,
12/16/15,0.27,1.02,2.3,,,,,
12/17/15,0.23,1,2.24,,,,,
12/18/15,0.19,0.97,2.19,,,,,
12/21/15,0.24,0.96,2.2,,,,,
12/22/15,0.21,0.99,2.24,,,,,
12/23/15,0.2,1.01,2.27,,,,,
12/24/15,0.2,1.03,2.25,,,,,
12/25/15,0,0,0,,,,,
12/28/15,0.23,1.05,2.24,,,,,
12/29/15,0.23,1.09,2.32,,,,,
12/30/15,0.21,1.08,2.31,,,,,
12/31/15,0.16,1.06,2.27,,,,,
1/1/16,0,0,0,,,,,
1/4/16,0.22,1.02,2.24,,,,,
1/5/16,0.2,1.04,2.25,,,,,
1/6/16,0.21,0.99,2.18,,,,,
1/7/16,0.2,0.96,2.16,,,,,
1/8/16,0.2,0.94,2.13,,,,,
1/11/16,0.21,0.94,2.17,,,,,
1/12/16,0.21,0.93,2.12,,,,,
1/13/16,0.22,0.91,2.08,,,,,
1/14/16,0.25,0.9,2.1,,,,,
1/15/16,0.24,0.85,2.03,,,,,
1/18/16,0,0,0,,,,,
1/19/16,0.26,0.88,2.06,,,,,
1/20/16,0.26,0.85,2.01,,,,,
1/21/16,0.28,0.84,2.02,,,,,
1/22/16,0.31,0.88,2.07,,,,,
1/25/16,0.31,0.88,2.03,,,,,
1/26/16,0.31,0.85,2.01,,,,,
1/27/16,0.32,0.84,2.02,,,,,
1/28/16,0.35,0.83,2,,,,,
1/29/16,0.33,0.76,1.94,,,,,
2/1/16,0.35,0.81,1.97,,,,,
2/2/16,0.34,0.75,1.87,,,,,
2/3/16,0.33,0.72,1.88,,,,,
2/4/16,0.29,0.7,1.87,,,,,
2/5/16,0.3,0.74,1.86,,,,,
2/8/16,0.32,0.66,1.75,,,,,
2/9/16,0.3,0.69,1.74,,,,,
2/10/16,0.31,0.71,1.71,,,,,
2/11/16,0.28,0.64,1.63,,,,,
2/12/16,0.3,0.71,1.74,,,,,
2/15/16,0,0,0,,,,,
2/16/16,0.3,0.74,1.78,,,,,
2/17/16,0.3,0.74,1.81,,,,,
2/18/16,0.3,0.71,1.75,,,,,
2/19/16,0.31,0.76,1.76,,,,,
2/22/16,0.33,0.78,1.77,,,,,
2/23/16,0.32,0.76,1.74,,,,,
2/24/16,0.33,0.75,1.75,,,,,
2/25/16,0.32,0.72,1.71,,,,,
2/26/16,0.33,0.8,1.76,,,,,
2/29/16,0.33,0.78,1.74,,,,,
3/1/16,0.33,0.85,1.83,,,,,
3/2/16,0.36,0.85,1.84,,,,,
3/3/16,0.28,0.85,1.83,,,,,
3/4/16,0.29,0.88,1.88,,,,,
3/7/16,0.32,0.91,1.91,,,,,
3/8/16,0.29,0.88,1.83,,,,,
3/9/16,0.3,0.9,1.9,,,,,
3/10/16,0.32,0.93,1.93,,,,,
3/11/16,0.33,0.97,1.98,,,,,
3/14/16,0.34,0.97,1.97,,,,,
3/15/16,0.34,0.98,1.97,,,,,
3/16/16,0.31,0.87,1.94,,,,,
3/17/16,0.29,0.87,1.91,,,,,
3/18/16,0.3,0.84,1.88,,,,,
3/21/16,0.31,0.87,1.92,,,,,
3/22/16,0.3,0.91,1.94,,,,,
3/23/16,0.3,0.87,1.88,,,,,
3/24/16,0.3,0.89,1.91,,,,,
3/25/16,0,0,0,,,,,
3/28/16,0.29,0.89,1.89,,,,,
3/29/16,0.23,0.78,1.81,,,,,
3/30/16,0.2,0.76,1.83,,,,,
3/31/16,0.21,0.73,1.78,,,,,
4/1/16,0.23,0.76,1.79,,,,,
4/4/16,0.23,0.75,1.78,,,,,
4/5/16,0.23,0.72,1.73,,,,,
4/6/16,0.23,0.73,1.76,,,,,
4/7/16,0.23,0.7,1.7,,,,,
4/8/16,0.23,0.7,1.72,,,,,
4/11/16,0.23,0.7,1.73,,,,,
4/12/16,0.22,0.74,1.79,,,,,
4/13/16,0.23,0.75,1.77,,,,,
4/14/16,0.22,0.77,1.8,,,,,
4/15/16,0.22,0.74,1.76,,,,,
4/18/16,0.22,0.75,1.78,,,,,
4/19/16,0.21,0.77,1.79,,,,,
4/20/16,0.23,0.8,1.85,,,,,
4/21/16,0.23,0.82,1.88,,,,,
4/22/16,0.23,0.84,1.89,,,,,
4/25/16,0.25,0.85,1.91,,,,,
4/26/16,0.24,0.86,1.94,,,,,
4/27/16,0.24,0.83,1.87,,,,,
4/28/16,0.22,0.78,1.84,,,,,
4/29/16,0.22,0.77,1.83,,,,,
5/2/16,0.22,0.8,1.88,,,,,
5/3/16,0.21,0.75,1.81,,,,,
5/4/16,0.19,0.75,1.79,,,,,
5/5/16,0.2,0.72,1.76,,,,,
5/6/16,0.19,0.74,1.79,,,,,
5/9/16,0.24,0.72,1.77,,,,,
5/10/16,0.24,0.72,1.77,,,,,
5/11/16,0.26,0.74,1.73,,,,,
5/12/16,0.27,0.76,1.75,,,,,
5/13/16,0.29,0.76,1.71,,,,,
5/16/16,0.28,0.79,1.75,,,,,
5/17/16,0.28,0.82,1.76,,,,,
5/18/16,0.3,0.9,1.87,,,,,
5/19/16,0.31,0.89,1.85,,,,,
5/20/16,0.33,0.89,1.85,,,,,
5/23/16,0.35,0.91,1.84,,,,,
5/24/16,0.35,0.92,1.86,,,,,
5/25/16,0.33,0.92,1.87,,,,,
5/26/16,0.31,0.87,1.83,,,,,
5/27/16,0.32,0.9,1.85,,,,,
5/30/16,0,0,0,,,,,
5/31/16,0.34,0.87,1.84,,,,,
6/1/16,0.3,0.91,1.85,,,,,
6/2/16,0.29,0.89,1.81,,,,,
6/3/16,0.3,0.78,1.71,,,,,
6/6/16,0.28,0.8,1.73,,,,,
6/7/16,0.28,0.78,1.72,,,,,
6/8/16,0.24,0.78,1.71,,,,,
6/9/16,0.26,0.77,1.68,,,,,
6/10/16,0.26,0.73,1.64,,,,,
6/13/16,0.27,0.73,1.62,,,,,
6/14/16,0.27,0.74,1.62,,,,,
6/15/16,0.26,0.69,1.6,,,,,
6/16/16,0.27,0.7,1.57,,,,,
6/17/16,0.27,0.7,1.62,,,,,
6/20/16,0.28,0.74,1.67,,,,,
6/21/16,0.27,0.76,1.71,,,,,
6/22/16,0.27,0.75,1.69,,,,,
6/23/16,0.31,0.78,1.74,,,,,
6/24/16,0.27,0.64,1.57,,,,,
6/27/16,0.27,0.61,1.46,,,,,
6/28/16,0.26,0.61,1.46,,,,,
6/29/16,0.26,0.62,1.5,,,,,
6/30/16,0.26,0.58,1.49,,,,,
7/1/16,0.28,0.59,1.46,,,,,
7/4/16,0,0,0,,,,,
7/5/16,0.28,0.56,1.37,,,,,
7/6/16,0.27,0.58,1.38,,,,,
7/7/16,0.29,0.58,1.4,,,,,
7/8/16,0.28,0.61,1.37,,,,,
7/11/16,0.31,0.66,1.43,,,,,
7/12/16,0.29,0.69,1.53,,,,,
7/13/16,0.31,0.68,1.48,,,,,
7/14/16,0.32,0.68,1.53,,,,,
7/15/16,0.32,0.71,1.6,,,,,
7/18/16,0.32,0.68,1.59,,,,,
7/19/16,0.31,0.7,1.56,,,,,
7/20/16,0.32,0.73,1.59,,,,,
7/21/16,0.32,0.7,1.57,,,,,
7/22/16,0.33,0.71,1.57,,,,,
7/25/16,0.32,0.72,1.58,,,,,
7/26/16,0.31,0.75,1.57,,,,,
7/27/16,0.31,0.73,1.52,,,,,
7/28/16,0.25,0.72,1.52,,,,,
7/29/16,0.28,0.67,1.46,,,,,
8/1/16,0.29,0.67,1.51,,,,,
8/2/16,0.29,0.67,1.55,,,,,
8/3/16,0.28,0.67,1.55,,,,,
8/4/16,0.26,0.64,1.51,,,,,
8/5/16,0.28,0.72,1.59,,,,,
8/8/16,0.31,0.74,1.59,,,,,
8/9/16,0.29,0.71,1.55,,,,,
8/10/16,0.28,0.69,1.5,,,,,
8/11/16,0.28,0.76,1.57,,,,,
8/12/16,0.29,0.71,1.51,,,,,
8/15/16,0.31,0.72,1.55,,,,,
8/16/16,0.27,0.76,1.57,,,,,
8/17/16,0.3,0.74,1.56,,,,,
8/18/16,0.3,0.71,1.53,,,,,
8/19/16,0.3,0.76,1.58,,,,,
8/22/16,0.29,0.76,1.55,,,,,
8/23/16,0.3,0.74,1.55,,,,,
8/24/16,0.31,0.76,1.56,,,,,
8/25/16,0.33,0.78,1.58,,,,,
8/26/16,0.34,0.84,1.62,,,,,
8/29/16,0.33,0.81,1.57,,,,,
8/30/16,0.33,0.8,1.57,,,,,
8/31/16,0.33,0.8,1.58,,,,,
9/1/16,0.33,0.78,1.57,,,,,
9/2/16,0.33,0.8,1.6,,,,,
9/5/16,0,0,0,,,,,
9/6/16,0.32,0.74,1.55,,,,,
9/7/16,0.34,0.74,1.54,,,,,
9/8/16,0.35,0.78,1.61,,,,,
9/9/16,0.35,0.79,1.67,,,,,
9/12/16,0.37,0.79,1.68,,,,,
9/13/16,0.36,0.8,1.73,,,,,
9/14/16,0.33,0.77,1.7,,,,,
9/15/16,0.29,0.74,1.71,,,,,
9/16/16,0.3,0.77,1.7,,,,,
9/19/16,0.3,0.79,1.7,,,,,
9/20/16,0.3,0.79,1.69,,,,,
9/21/16,0.22,0.79,1.66,,,,,
9/22/16,0.18,0.79,1.63,,,,,
9/23/16,0.18,0.77,1.62,,,,,
9/26/16,0.25,0.76,1.59,,,,,
9/27/16,0.26,0.75,1.56,,,,,
9/28/16,0.27,0.75,1.57,,,,,
9/29/16,0.26,0.73,1.56,,,,,
9/30/16,0.29,0.77,1.6,,,,,
10/3/16,0.32,0.8,1.63,,,,,
10/4/16,0.33,0.82,1.69,,,,,
10/5/16,0.32,0.85,1.72,,,,,
10/6/16,0.33,0.86,1.75,,,,,
10/7/16,0.33,0.83,1.73,,,,,
10/10/16,0,0,0,,,,,
10/11/16,0.35,0.87,1.77,,,,,
10/12/16,0.37,0.87,1.79,,,,,
10/13/16,0.3,0.85,1.75,,,,,
10/14/16,0.32,0.84,1.8,,,,,
10/17/16,0.34,0.81,1.77,,,,,
10/18/16,0.34,0.82,1.75,,,,,
10/19/16,0.35,0.81,1.76,,,,,
10/20/16,0.35,0.84,1.76,,,,,
10/21/16,0.34,0.84,1.74,,,,,
10/24/16,0.33,0.84,1.77,,,,,
10/25/16,0.34,0.86,1.77,,,,,
10/26/16,0.33,0.86,1.79,,,,,
10/27/16,0.3,0.87,1.85,,,,,
10/28/16,0.3,0.86,1.86,,,,,
10/31/16,0.34,0.86,1.84,,,,,
11/1/16,0.35,0.83,1.83,,,,,
11/2/16,0.37,0.81,1.81,,,,,
11/3/16,0.38,0.81,1.82,,,,,
11/4/16,0.38,0.8,1.79,,,,,
11/7/16,0.41,0.82,1.83,,,,,
11/8/16,0.43,0.87,1.88,,,,,
11/9/16,0.45,0.9,2.07,,,,,
11/10/16,0.48,0.92,2.15,,,,,
11/11/16,0,0,0,,,,,
11/14/16,0.55,1,2.23,,,,,
11/15/16,0.51,1.02,2.23,,,,,
11/16/16,0.47,1,2.22,,,,,
11/17/16,0.44,1.04,2.29,,,,,
11/18/16,0.44,1.07,2.34,,,,,
11/21/16,0.46,1.08,2.33,,,,,
11/22/16,0.49,1.07,2.31,,,,,
11/23/16,0.51,1.12,2.36,,,,,
11/24/16,0,0,0,,,,,
11/25/16,0.49,1.12,2.36,,,,,
11/28/16,0.48,1.11,2.32,,,,,
11/29/16,0.48,1.09,2.3,,,,,
11/30/16,0.48,1.11,2.37,,,,,
12/1/16,0.48,1.14,2.45,,,,,
12/2/16,0.49,1.11,2.4,,,,,
12/5/16,0.49,1.13,2.39,,,,,
12/6/16,0.49,1.12,2.39,,,,,
12/7/16,0.52,1.1,2.34,,,,,
12/8/16,0.51,1.12,2.4,,,,,
12/9/16,0.54,1.15,2.47,,,,,
12/12/16,0.51,1.15,2.49,,,,,
12/13/16,0.54,1.17,2.48,,,,,
12/14/16,0.55,1.27,2.54,,,,,
12/15/16,0.51,1.29,2.6,,,,,
12/16/16,0.51,1.28,2.6,,,,,
12/19/16,0.52,1.24,2.54,,,,,
12/20/16,0.52,1.25,2.57,,,,,
12/21/16,0.52,1.21,2.55,,,,,
12/22/16,0.51,1.22,2.55,,,,,
12/23/16,0.52,1.22,2.55,,,,,
12/26/16,0,0,0,,,,,
12/27/16,0.51,1.28,2.57,,,,,
12/28/16,0.53,1.26,2.51,,,,,
12/29/16,0.47,1.22,2.49,,,,,
12/30/16,0.51,1.2,2.45,,,,,
1/2/17,0,0,0,,,,,
1/3/17,0.53,1.22,2.45,,,,,
1/4/17,0.53,1.24,2.46,,,,,
1/5/17,0.52,1.17,2.37,,,,,
1/6/17,0.53,1.22,2.42,,,,,
1/9/17,0.5,1.21,2.38,,,,,
1/10/17,0.52,1.19,2.38,,,,,
1/11/17,0.52,1.2,2.38,,,,,
1/12/17,0.52,1.18,2.36,,,,,
1/13/17,0.53,1.21,2.4,,,,,
1/16/17,0,0,0,,,,,
1/17/17,0.55,1.17,2.33,,,,,
1/18/17,0.53,1.23,2.42,,,,,
1/19/17,0.52,1.25,2.47,,,,,
1/20/17,0.5,1.2,2.48,,,,,
1/23/17,0.51,1.16,2.41,,,,,
1/24/17,0.51,1.21,2.47,,,,,
1/25/17,0.5,1.23,2.53,,,,,
1/26/17,0.51,1.21,2.51,,,,,
1/27/17,0.52,1.22,2.49,,,,,
1/30/17,0.51,1.22,2.49,,,,,
1/31/17,0.52,1.19,2.45,,,,,
2/1/17,0.51,1.22,2.48,,,,,
2/2/17,0.52,1.21,2.48,,,,,
2/3/17,0.51,1.21,2.49,,,,,
2/6/17,0.53,1.16,2.42,,,,,
2/7/17,0.53,1.16,2.4,,,,,
2/8/17,0.54,1.15,2.34,,,,,
2/9/17,0.54,1.2,2.4,,,,,
2/10/17,0.55,1.2,2.41,,,,,
2/13/17,0.52,1.2,2.43,,,,,
2/14/17,0.54,1.25,2.47,,,,,
2/15/17,0.54,1.27,2.51,,,,,
2/16/17,0.53,1.22,2.45,,,,,
2/17/17,0.53,1.21,2.42,,,,,
2/20/17,0,0,0,,,,,
2/21/17,0.53,1.22,2.43,,,,,
2/22/17,0.52,1.22,2.42,,,,,
2/23/17,0.51,1.18,2.38,,,,,
2/24/17,0.52,1.12,2.31,,,,,
2/27/17,0.5,1.2,2.36,,,,,
2/28/17,0.53,1.22,2.36,,,,,
3/1/17,0.63,1.29,2.46,,,,,
3/2/17,0.67,1.32,2.49,,,,,
3/3/17,0.71,1.32,2.49,,,,,
3/6/17,0.74,1.31,2.49,,,,,
3/7/17,0.76,1.32,2.52,,,,,
3/8/17,0.73,1.36,2.57,,,,,
3/9/17,0.73,1.37,2.6,,,,,
3/10/17,0.75,1.36,2.58,,,,,
3/13/17,0.79,1.4,2.62,,,,,
3/14/17,0.78,1.4,2.6,,,,,
3/15/17,0.73,1.33,2.51,,,,,
3/16/17,0.73,1.35,2.53,,,,,
3/17/17,0.73,1.33,2.5,,,,,
3/20/17,0.76,1.3,2.47,,,,,
3/21/17,0.77,1.27,2.43,,,,,
3/22/17,0.77,1.27,2.4,,,,,
3/23/17,0.76,1.26,2.41,,,,,
3/24/17,0.78,1.26,2.4,,,,,
3/27/17,0.78,1.27,2.38,,,,,
3/28/17,0.78,1.3,2.42,,,,,
3/29/17,0.78,1.26,2.39,,,,,
3/30/17,0.78,1.28,2.42,,,,,
3/31/17,0.76,1.27,2.4,,,,,
4/3/17,0.79,1.24,2.35,,,,,
4/4/17,0.79,1.25,2.36,,,,,
4/5/17,0.8,1.24,2.34,,,,,
4/6/17,0.79,1.24,2.34,,,,,
4/7/17,0.82,1.29,2.38,,,,,
4/10/17,0.82,1.29,2.37,,,,,
4/11/17,0.82,1.24,2.32,,,,,
4/12/17,0.81,1.24,2.28,,,,,
4/13/17,0.81,1.21,2.24,,,,,
4/14/17,0,0,0,,,,,
4/17/17,0.83,1.21,2.26,,,,,
4/18/17,0.82,1.18,2.18,,,,,
4/19/17,0.81,1.19,2.21,,,,,
4/20/17,0.79,1.21,2.24,,,,,
4/21/17,0.79,1.2,2.24,,,,,
4/24/17,0.81,1.25,2.28,,,,,
4/25/17,0.82,1.29,2.35,,,,,
4/26/17,0.83,1.28,2.32,,,,,
4/27/17,0.81,1.25,2.3,,,,,
4/28/17,0.8,1.28,2.29,,,,,
5/1/17,0.83,1.28,2.33,,,,,
5/2/17,0.82,1.27,2.29,,,,,
5/3/17,0.85,1.3,2.33,,,,,
5/4/17,0.86,1.32,2.36,,,,,
5/5/17,0.9,1.32,2.36,,,,,
5/8/17,0.91,1.33,2.39,,,,,
5/9/17,0.91,1.37,2.42,,,,,
5/10/17,0.9,1.35,2.41,,,,,
5/11/17,0.89,1.35,2.39,,,,,
5/12/17,0.88,1.29,2.33,,,,,
5/15/17,0.9,1.31,2.34,,,,,
5/16/17,0.9,1.29,2.33,,,,,
5/17/17,0.9,1.26,2.22,,,,,
5/18/17,0.93,1.27,2.23,,,,,
5/19/17,0.92,1.28,2.23,,,,,
5/22/17,0.93,1.29,2.25,,,,,
5/23/17,0.92,1.31,2.29,,,,,
5/24/17,0.93,1.29,2.26,,,,,
5/25/17,0.94,1.3,2.25,,,,,
5/26/17,0.94,1.3,2.25,,,,,
5/29/17,0,0,0,,,,,
5/30/17,0.93,1.28,2.21,,,,,
5/31/17,0.98,1.28,2.21,,,,,
6/1/17,0.98,1.28,2.21,,,,,
6/2/17,0.98,1.28,2.15,,,,,
6/5/17,0.96,1.32,2.18,,,,,
6/6/17,0.97,1.3,2.14,,,,,
6/7/17,1,1.32,2.18,,,,,
6/8/17,1.01,1.33,2.19,,,,,
6/9/17,1.01,1.35,2.21,,,,,
6/12/17,0.98,1.35,2.21,,,,,
6/13/17,1,1.38,2.21,,,,,
6/14/17,1.01,1.35,2.15,,,,,
6/15/17,1.02,1.35,2.16,,,,,
6/16/17,1.03,1.32,2.16,,,,,
6/19/17,1.02,1.36,2.19,,,,,
6/20/17,1.01,1.36,2.16,,,,,
6/21/17,0.99,1.36,2.16,,,,,
6/22/17,0.96,1.34,2.15,,,,,
6/23/17,0.97,1.34,2.15,,,,,
6/26/17,0.99,1.36,2.14,,,,,
6/27/17,1,1.38,2.21,,,,,
6/28/17,1.02,1.34,2.22,,,,,
6/29/17,1.04,1.38,2.27,,,,,
6/30/17,1.03,1.38,2.31,,,,,
7/3/17,1.06,1.41,2.35,,,,,
7/4/17,0,0,0,,,,,
7/5/17,1.05,1.41,2.33,,,,,
7/6/17,1.04,1.4,2.37,,,,,
7/7/17,1.05,1.4,2.39,,,,,
7/10/17,1.04,1.4,2.38,,,,,
7/11/17,1.05,1.37,2.37,,,,,
7/12/17,1.05,1.35,2.33,,,,,
7/13/17,1.05,1.37,2.35,,,,,
7/14/17,1.04,1.35,2.33,,,,,
7/17/17,1.07,1.36,2.31,,,,,
7/18/17,1.07,1.36,2.27,,,,,
7/19/17,1.11,1.37,2.27,,,,,
7/20/17,1.15,1.37,2.27,,,,,
7/21/17,1.16,1.36,2.24,,,,,
7/24/17,1.17,1.37,2.26,,,,,
7/25/17,1.18,1.4,2.33,,,,,
7/26/17,1.13,1.36,2.29,,,,,
7/27/17,1.11,1.36,2.32,,,,,
7/28/17,1.08,1.34,2.3,,,,,
7/31/17,1.07,1.34,2.3,,,,,
8/1/17,1.08,1.34,2.26,,,,,
8/2/17,1.08,1.36,2.27,,,,,
8/3/17,1.08,1.34,2.24,,,,,
8/4/17,1.08,1.36,2.27,,,,,
8/7/17,1.02,1.36,2.26,,,,,
8/8/17,1.06,1.36,2.29,,,,,
8/9/17,1.06,1.33,2.24,,,,,
8/10/17,1.05,1.33,2.2,,,,,
8/11/17,1.03,1.3,2.19,,,,,
8/14/17,1.02,1.33,2.22,,,,,
8/15/17,1.04,1.35,2.27,,,,,
8/16/17,1.02,1.33,2.23,,,,,
8/17/17,1,1.32,2.19,,,,,
8/18/17,1.02,1.33,2.19,,,,,
8/21/17,1,1.32,2.18,,,,,
8/22/17,1,1.33,2.22,,,,,
8/23/17,1,1.32,2.17,,,,,
8/24/17,1.02,1.33,2.19,,,,,
8/25/17,1.03,1.35,2.17,,,,,
8/28/17,0.98,1.33,2.16,,,,,
8/29/17,1.03,1.33,2.13,,,,,
8/30/17,1.03,1.33,2.15,,,,,
8/31/17,1.01,1.33,2.12,,,,,
9/1/17,1.02,1.35,2.16,,,,,
9/4/17,0,0,0,,,,,
9/5/17,1.03,1.3,2.07,,,,,
9/6/17,1.07,1.3,2.1,,,,,
9/7/17,1.05,1.27,2.05,,,,,
9/8/17,1.04,1.27,2.06,,,,,
9/11/17,1.05,1.32,2.14,,,,,
9/12/17,1.03,1.33,2.17,,,,,
9/13/17,1.04,1.35,2.2,,,,,
9/14/17,1.05,1.37,2.2,,,,,
9/15/17,1.05,1.39,2.2,,,,,
9/18/17,1.05,1.4,2.23,,,,,
9/19/17,1.04,1.4,2.24,,,,,
9/20/17,1.04,1.45,2.28,,,,,
9/21/17,1.04,1.45,2.27,,,,,
9/22/17,1.03,1.46,2.26,,,,,
9/25/17,1.05,1.44,2.22,,,,,
9/26/17,1.06,1.45,2.24,,,,,
9/27/17,1.07,1.47,2.31,,,,,
9/28/17,1.06,1.45,2.31,,,,,
9/29/17,1.06,1.47,2.33,,,,,
10/2/17,1.01,1.49,2.34,,,,,
10/3/17,1.07,1.47,2.33,,,,,
10/4/17,1.08,1.47,2.33,,,,,
10/5/17,1.07,1.49,2.35,,,,,
10/6/17,1.07,1.54,2.37,,,,,
10/9/17,0,0,0,,,,,
10/10/17,1.08,1.51,2.35,,,,,
10/11/17,1.1,1.51,2.35,,,,,
10/12/17,1.09,1.51,2.33,,,,,
10/13/17,1.09,1.51,2.28,,,,,
10/16/17,1.1,1.54,2.3,,,,,
10/17/17,1.09,1.54,2.3,,,,,
10/18/17,1.09,1.59,2.34,,,,,
10/19/17,1.1,1.58,2.33,,,,,
10/20/17,1.11,1.6,2.39,,,,,
10/23/17,1.09,1.58,2.38,,,,,
10/24/17,1.12,1.6,2.42,,,,,
10/25/17,1.12,1.61,2.44,,,,,
10/26/17,1.11,1.63,2.46,,,,,
10/27/17,1.1,1.59,2.42,,,,,
10/30/17,1.12,1.58,2.37,,,,,
10/31/17,1.15,1.6,2.38,,,,,
11/1/17,1.18,1.61,2.37,,,,,
11/2/17,1.17,1.61,2.35,,,,,
11/3/17,1.18,1.63,2.34,,,,,
11/6/17,1.19,1.61,2.32,,,,,
11/7/17,1.22,1.63,2.32,,,,,
11/8/17,1.23,1.65,2.32,,,,,
11/9/17,1.24,1.63,2.33,,,,,
11/10/17,1.23,1.67,2.4,,,,,
11/13/17,1.24,1.7,2.4,,,,,
11/14/17,1.26,1.68,2.38,,,,,
11/15/17,1.25,1.68,2.33,,,,,
11/16/17,1.27,1.72,2.37,,,,,
11/17/17,1.29,1.73,2.35,,,,,
11/20/17,1.3,1.77,2.37,,,,,
11/21/17,1.3,1.77,2.36,,,,,
11/22/17,1.29,1.74,2.32,,,,,
11/23/17,0,0,0,,,,,
11/24/17,1.29,1.75,2.34,,,,,
11/27/17,1.27,1.74,2.32,,,,,
11/28/17,1.3,1.75,2.34,,,,,
11/29/17,1.29,1.78,2.37,,,,,
11/30/17,1.27,1.78,2.42,,,,,
12/1/17,1.27,1.78,2.37,,,,,
12/4/17,1.29,1.8,2.37,,,,,
12/5/17,1.3,1.83,2.36,,,,,
12/6/17,1.3,1.78,2.33,,,,,
12/7/17,1.29,1.8,2.37,,,,,
12/8/17,1.28,1.8,2.38,,,,,
12/11/17,1.33,1.82,2.39,,,,,
12/12/17,1.34,1.83,2.4,,,,,
12/13/17,1.3,1.79,2.36,,,,,
12/14/17,1.32,1.82,2.35,,,,,
12/15/17,1.31,1.84,2.35,,,,,
12/18/17,1.38,1.84,2.39,,,,,
12/19/17,1.37,1.87,2.46,,,,,
12/20/17,1.38,1.87,2.49,,,,,
12/21/17,1.35,1.89,2.48,,,,,
12/22/17,1.33,1.91,2.48,,,,,
12/25/17,0,0,0,,,,,
12/26/17,1.47,1.92,2.47,,,,,
12/27/17,1.44,1.89,2.42,,,,,
12/28/17,1.39,1.91,2.43,,,,,
12/29/17,1.39,1.89,2.4,,,,,
1/1/18,0,0,0,,,,,
1/2/18,1.44,1.92,2.46,,,,,
1/3/18,1.41,1.94,2.44,,,,,
1/4/18,1.41,1.96,2.46,,,,,
1/5/18,1.39,1.96,2.47,,,,,
1/8/18,1.45,1.96,2.49,,,,,
1/9/18,1.44,1.98,2.55,,,,,
1/10/18,1.42,1.98,2.55,,,,,
1/11/18,1.43,1.98,2.54,,,,,
1/12/18,1.43,1.99,2.55,,,,,
1/15/18,0,0,0,,,,,
1/16/18,1.45,2.03,2.54,,,,,
1/17/18,1.44,2.05,2.57,,,,,
1/18/18,1.45,2.05,2.62,,,,,
1/19/18,1.44,2.06,2.64,,,,,
1/22/18,1.44,2.08,2.66,,,,,
1/23/18,1.44,2.06,2.63,,,,,
1/24/18,1.43,2.08,2.65,,,,,
1/25/18,1.42,2.08,2.63,,,,,
1/26/18,1.41,2.13,2.66,,,,,
1/29/18,1.44,2.11,2.7,,,,,
1/30/18,1.44,2.13,2.73,,,,,
1/31/18,1.46,2.14,2.72,,,,,
2/1/18,1.48,2.16,2.78,,,,,
2/2/18,1.48,2.15,2.84,,,,,
2/5/18,1.51,2.08,2.77,,,,,
2/6/18,1.52,2.1,2.79,,,,,
2/7/18,1.55,2.15,2.84,,,,,
2/8/18,1.55,2.13,2.85,,,,,
2/9/18,1.55,2.05,2.83,,,,,
2/12/18,1.62,2.09,2.86,,,,,
2/13/18,1.59,2.1,2.83,,,,,
2/14/18,1.58,2.17,2.91,,,,,
2/15/18,1.58,2.19,2.9,,,,,
2/16/18,1.62,2.21,2.87,,,,,
2/19/18,0,0,0,,,,,
2/20/18,1.66,2.25,2.88,,,,,
2/21/18,1.64,2.26,2.94,,,,,
2/22/18,1.63,2.25,2.92,,,,,
2/23/18,1.64,2.25,2.88,,,,,
2/26/18,1.66,2.22,2.86,,,,,
2/27/18,1.66,2.27,2.9,,,,,
2/28/18,1.65,2.25,2.87,,,,,
3/1/18,1.63,2.22,2.81,,,,,
3/2/18,1.65,2.25,2.86,,,,,
3/5/18,1.7,2.24,2.88,,,,,
3/6/18,1.68,2.25,2.88,,,,,
3/7/18,1.68,2.25,2.89,,,,,
3/8/18,1.67,2.25,2.86,,,,,
3/9/18,1.67,2.27,2.9,,,,,
3/12/18,1.71,2.27,2.87,,,,,
3/13/18,1.73,2.26,2.84,,,,,
3/14/18,1.76,2.26,2.81,,,,,
3/15/18,1.77,2.29,2.82,,,,,
3/16/18,1.78,2.31,2.85,,,,,
3/19/18,1.8,2.31,2.85,,,,,
3/20/18,1.81,2.34,2.89,,,,,
3/21/18,1.74,2.31,2.89,,,,,
3/22/18,1.72,2.29,2.83,,,,,
3/23/18,1.74,2.28,2.82,,,,,
3/26/18,1.79,2.33,2.85,,,,,
3/27/18,1.77,2.26,2.78,,,,,
3/28/18,1.73,2.28,2.77,,,,,
3/29/18,1.73,2.27,2.74,,,,,
3/30/18,0,0,0,,,,,
4/2/18,1.77,2.25,2.73,,,,,
4/3/18,1.75,2.28,2.79,,,,,
4/4/18,1.71,2.28,2.79,,,,,
4/5/18,1.72,2.3,2.83,,,,,
4/6/18,1.73,2.27,2.77,,,,,
4/9/18,1.76,2.29,2.78,,,,,
4/10/18,1.74,2.32,2.8,,,,,
4/11/18,1.73,2.32,2.79,,,,,
4/12/18,1.75,2.34,2.83,,,,,
4/13/18,1.76,2.37,2.82,,,,,
4/16/18,1.79,2.39,2.83,,,,,
4/17/18,1.8,2.41,2.82,,,,,
4/18/18,1.81,2.42,2.87,,,,,
4/19/18,1.82,2.44,2.92,,,,,
4/20/18,1.81,2.46,2.96,,,,,
4/23/18,1.87,2.49,2.98,,,,,
4/24/18,1.87,2.48,3,,,,,
4/25/18,1.85,2.49,3.03,,,,,
4/26/18,1.82,2.49,3,,,,,
4/27/18,1.82,2.49,2.96,,,,,
4/30/18,1.87,2.49,2.95,,,,,
5/1/18,1.85,2.5,2.97,,,,,
5/2/18,1.84,2.49,2.97,,,,,
5/3/18,1.84,2.49,2.94,,,,,
5/4/18,1.84,2.51,2.95,,,,,
5/7/18,1.86,2.49,2.95,,,,,
5/8/18,1.87,2.51,2.97,,,,,
5/9/18,1.88,2.54,3,,,,,
5/10/18,1.9,2.54,2.97,,,,,
5/11/18,1.92,2.54,2.97,,,,,
5/14/18,1.93,2.55,3,,,,,
5/15/18,1.92,2.58,3.08,,,,,
5/16/18,1.92,2.58,3.09,,,,,
5/17/18,1.92,2.57,3.11,,,,,
5/18/18,1.91,2.55,3.06,,,,,
5/21/18,1.93,2.58,3.06,,,,,
5/22/18,1.93,2.59,3.06,,,,,
5/23/18,1.92,2.53,3.01,,,,,
5/24/18,1.91,2.5,2.98,,,,,
5/25/18,1.9,2.48,2.93,,,,,
5/28/18,0,0,0,,,,,
5/29/18,1.93,2.32,2.77,,,,,
5/30/18,1.94,2.42,2.84,,,,,
5/31/18,1.93,2.4,2.83,,,,,
6/1/18,1.92,2.47,2.89,,,,,
6/4/18,1.94,2.52,2.94,,,,,
6/5/18,1.94,2.49,2.92,,,,,
6/6/18,1.95,2.52,2.97,,,,,
6/7/18,1.94,2.5,2.93,,,,,
6/8/18,1.93,2.5,2.93,,,,,
6/11/18,1.94,2.52,2.96,,,,,
6/12/18,1.92,2.54,2.96,,,,,
6/13/18,1.94,2.59,2.98,,,,,
6/14/18,1.94,2.59,2.94,,,,,
6/15/18,1.94,2.55,2.93,,,,,
6/18/18,1.94,2.56,2.92,,,,,
6/19/18,1.94,2.54,2.89,,,,,
6/20/18,1.94,2.56,2.93,,,,,
6/21/18,1.94,2.56,2.9,,,,,
6/22/18,1.93,2.56,2.9,,,,,
6/25/18,1.93,2.54,2.87,,,,,
6/26/18,1.93,2.53,2.88,,,,,
6/27/18,1.93,2.52,2.83,,,,,
6/28/18,1.93,2.52,2.84,,,,,
6/29/18,1.93,2.52,2.85,,,,,
7/2/18,1.98,2.57,2.87,,,,,
7/3/18,1.98,2.53,2.83,,,,,
7/4/18,0,0,0,,,,,
7/5/18,1.96,2.55,2.84,,,,,
7/6/18,1.97,2.53,2.82,,,,,
7/9/18,1.98,2.57,2.86,,,,,
7/10/18,1.99,2.59,2.87,,,,,
7/11/18,1.97,2.58,2.85,,,,,
7/12/18,1.98,2.6,2.85,,,,,
7/13/18,1.98,2.59,2.83,,,,,
7/16/18,2.01,2.59,2.85,,,,,
7/17/18,2.02,2.62,2.86,,,,,
7/18/18,2,2.6,2.88,,,,,
7/19/18,2,2.6,2.84,,,,,
7/20/18,1.99,2.6,2.89,,,,,
7/23/18,1.99,2.64,2.96,,,,,
7/24/18,2.02,2.63,2.95,,,,,
7/25/18,2.01,2.66,2.94,,,,,
7/26/18,1.99,2.69,2.98,,,,,
7/27/18,2,2.67,2.96,,,,,
7/30/18,2.04,2.66,2.98,,,,,
7/31/18,2.03,2.67,2.96,,,,,
8/1/18,2.03,2.67,3,,,,,
8/2/18,2.02,2.66,2.98,,,,,
8/3/18,2.01,2.63,2.95,,,,,
8/6/18,2.05,2.64,2.94,,,,,
8/7/18,2.06,2.68,2.98,,,,,
8/8/18,2.06,2.68,2.96,,,,,
8/9/18,2.06,2.64,2.93,,,,,
8/10/18,2.05,2.61,2.87,,,,,
8/13/18,2.06,2.61,2.88,,,,,
8/14/18,2.08,2.63,2.89,,,,,
8/15/18,2.07,2.61,2.86,,,,,
8/16/18,2.07,2.63,2.87,,,,,
8/17/18,2.05,2.61,2.87,,,,,
8/20/18,2.06,2.6,2.82,,,,,
8/21/18,2.08,2.61,2.85,,,,,
8/22/18,2.09,2.6,2.82,,,,,
8/23/18,2.08,2.61,2.82,,,,,
8/24/18,2.09,2.63,2.82,,,,,
8/27/18,2.12,2.67,2.85,,,,,
8/28/18,2.13,2.67,2.88,,,,,
8/29/18,2.13,2.67,2.89,,,,,
8/30/18,2.11,2.64,2.86,,,,,
8/31/18,2.11,2.62,2.86,,,,,
9/3/18,0,0,0,,,,,
9/4/18,2.13,2.66,2.9,,,,,
9/5/18,2.14,2.66,2.9,,,,,
9/6/18,2.13,2.64,2.88,,,,,
9/7/18,2.14,2.71,2.94,,,,,
9/10/18,2.14,2.73,2.94,,,,,
9/11/18,2.15,2.76,2.98,,,,,
9/12/18,2.16,2.74,2.97,,,,,
9/13/18,2.15,2.76,2.97,,,,,
9/14/18,2.16,2.78,2.99,,,,,
9/17/18,2.16,2.78,2.99,,,,,
9/18/18,2.17,2.81,3.05,,,,,
9/19/18,2.16,2.81,3.08,,,,,
9/20/18,2.17,2.81,3.07,,,,,
9/21/18,2.18,2.81,3.07,,,,,
9/24/18,2.22,2.83,3.08,,,,,
9/25/18,2.21,2.83,3.1,,,,,
9/26/18,2.2,2.83,3.06,,,,,
9/27/18,2.18,2.83,3.06,,,,,
9/28/18,2.19,2.81,3.05,,,,,
10/1/18,2.23,2.82,3.09,,,,,
10/2/18,2.23,2.82,3.05,,,,,
10/3/18,2.23,2.85,3.15,,,,,
10/4/18,2.22,2.87,3.19,,,,,
10/5/18,2.23,2.88,3.23,,,,,
10/8/18,0,0,0,,,,,
10/9/18,2.25,2.88,3.21,,,,,
10/10/18,2.27,2.88,3.22,,,,,
10/11/18,2.27,2.85,3.14,,,,,
10/12/18,2.28,2.85,3.15,,,,,
10/15/18,2.31,2.85,3.16,,,,,
10/16/18,2.3,2.87,3.16,,,,,
10/17/18,2.31,2.89,3.19,,,,,
10/18/18,2.32,2.87,3.17,,,,,
10/19/18,2.31,2.92,3.2,,,,,
10/22/18,2.34,2.92,3.2,,,,,
10/23/18,2.33,2.89,3.17,,,,,
10/24/18,2.34,2.84,3.1,,,,,
10/25/18,2.34,2.86,3.14,,,,,
10/26/18,2.33,2.81,3.08,,,,,
10/29/18,2.34,2.81,3.08,,,,,
10/30/18,2.33,2.84,3.12,,,,,
10/31/18,2.34,2.87,3.15,,,,,
11/1/18,2.32,2.84,3.14,,,,,
11/2/18,2.33,2.91,3.22,,,,,
11/5/18,2.36,2.91,3.2,,,,,
11/6/18,2.35,2.93,3.22,,,,,
11/7/18,2.37,2.96,3.22,,,,,
11/8/18,2.35,2.98,3.24,,,,,
11/9/18,2.36,2.94,3.19,,,,,
11/12/18,0,0,0,,,,,
11/13/18,2.38,2.89,3.14,,,,,
11/14/18,2.38,2.86,3.12,,,,,
11/15/18,2.37,2.86,3.11,,,,,
11/16/18,2.36,2.81,3.08,,,,,
11/19/18,2.38,2.79,3.06,,,,,
11/20/18,2.39,2.79,3.06,,,,,
11/21/18,2.41,2.81,3.06,,,,,
11/22/18,0,0,0,,,,,
11/23/18,2.41,2.81,3.05,,,,,
11/26/18,2.41,2.84,3.07,,,,,
11/27/18,2.41,2.83,3.06,,,,,
11/28/18,2.4,2.81,3.06,,,,,
11/29/18,2.37,2.81,3.03,,,,,
11/30/18,2.37,2.8,3.01,,,,,
12/3/18,2.38,2.83,2.98,,,,,
12/4/18,2.42,2.8,2.91,,,,,
12/5/18,0,0,0,,,,,
12/6/18,2.41,2.75,2.87,,,,,
12/7/18,2.4,2.72,2.85,,,,,
12/10/18,2.41,2.72,2.85,,,,,
12/11/18,2.41,2.78,2.89,,,,,
12/12/18,2.43,2.77,2.91,,,,,
12/13/18,2.43,2.75,2.91,,,,,
12/14/18,2.42,2.73,2.89,,,,,
12/17/18,2.4,2.7,2.86,,,,,
12/18/18,2.39,2.65,2.82,,,,,
12/19/18,2.4,2.63,2.77,,,,,
12/20/18,2.39,2.67,2.79,,,,,
12/21/18,2.39,2.63,2.79,,,,,
12/24/18,2.45,2.55,2.74,,,,,
12/25/18,0,0,0,,,,,
12/26/18,2.44,2.61,2.81,,,,,
12/27/18,2.41,2.56,2.77,,,,,
12/28/18,2.4,2.52,2.72,,,,,
12/31/18,2.45,2.48,2.69,,,,,
1/1/19,0,0,0,,,,,
1/2/19,2.42,2.5,2.66,,,,,
1/3/19,2.41,2.39,2.56,,,,,
1/4/19,2.42,2.5,2.67,,,,,
1/7/19,2.45,2.53,2.7,,,,,
1/8/19,2.46,2.58,2.73,,,,,
1/9/19,2.45,2.56,2.74,,,,,
1/10/19,2.43,2.56,2.74,,,,,
1/11/19,2.43,2.55,2.71,,,,,
1/14/19,2.45,2.53,2.71,,,,,
1/15/19,2.45,2.53,2.72,,,,,
1/16/19,2.43,2.55,2.73,,,,,
1/17/19,2.42,2.56,2.75,,,,,
1/18/19,2.41,2.62,2.79,,,,,
1/21/19,0,0,0,,,,,
1/22/19,2.43,2.58,2.74,,,,,
1/23/19,2.41,2.58,2.76,,,,,
1/24/19,2.37,2.56,2.72,,,,,
1/25/19,2.39,2.6,2.76,,,,,
1/28/19,2.42,2.6,2.75,,,,,
1/29/19,2.42,2.56,2.72,,,,,
1/30/19,2.42,2.52,2.7,,,,,
1/31/19,2.41,2.45,2.63,,,,,
2/1/19,2.4,2.52,2.7,,,,,
2/4/19,2.42,2.53,2.73,,,,,
2/5/19,2.42,2.53,2.71,,,,,
2/6/19,2.42,2.52,2.7,,,,,
2/7/19,2.42,2.48,2.65,,,,,
2/8/19,2.43,2.45,2.63,,,,,
2/11/19,2.45,2.48,2.65,,,,,
2/12/19,2.43,2.5,2.68,,,,,
2/13/19,2.44,2.53,2.71,,,,,
2/14/19,2.43,2.5,2.66,,,,,
2/15/19,2.43,2.52,2.66,,,,,
2/18/19,0,0,0,,,,,
2/19/19,2.45,2.5,2.65,,,,,
2/20/19,2.45,2.5,2.65,,,,,
2/21/19,2.45,2.53,2.69,,,,,
2/22/19,2.46,2.48,2.65,,,,,
2/25/19,2.47,2.51,2.67,,,,,
2/26/19,2.45,2.48,2.64,,,,,
2/27/19,2.45,2.5,2.69,,,,,
2/28/19,2.45,2.52,2.73,,,,,
3/1/19,2.44,2.55,2.76,,,,,
3/4/19,2.46,2.55,2.72,,,,,
3/5/19,2.46,2.55,2.72,,,,,
3/6/19,2.47,2.52,2.69,,,,,
3/7/19,2.45,2.47,2.64,,,,,
3/8/19,2.46,2.45,2.62,,,,,
3/11/19,2.46,2.47,2.64,,,,,
3/12/19,2.46,2.45,2.61,,,,,
3/13/19,2.45,2.45,2.61,,,,,
3/14/19,2.45,2.46,2.63,,,,,
3/15/19,2.45,2.43,2.59,,,,,
3/18/19,2.44,2.45,2.6,,,,,
3/19/19,2.46,2.46,2.61,,,,,
3/20/19,2.48,2.4,2.54,,,,,
3/21/19,2.49,2.41,2.54,,,,,
3/22/19,2.46,2.31,2.44,,,,,
3/25/19,2.46,2.26,2.43,,,,,
3/26/19,2.46,2.24,2.41,,,,,
3/27/19,2.44,2.22,2.39,,,,,
3/28/19,2.43,2.23,2.39,,,,,
3/29/19,2.4,2.27,2.41,,,,,
4/1/19,2.43,2.33,2.49,,,,,
4/2/19,2.42,2.3,2.48,,,,,
4/3/19,2.44,2.33,2.52,,,,,
4/4/19,2.44,2.33,2.51,,,,,
4/5/19,2.44,2.35,2.5,,,,,
4/8/19,2.43,2.36,2.52,,,,,
4/9/19,2.42,2.35,2.51,,,,,
4/10/19,2.43,2.31,2.48,,,,,
4/11/19,2.43,2.35,2.51,,,,,
4/12/19,2.44,2.4,2.56,,,,,
4/15/19,2.43,2.4,2.55,,,,,
4/16/19,2.43,2.41,2.6,,,,,
4/17/19,2.44,2.4,2.59,,,,,
4/18/19,2.42,2.38,2.57,,,,,
4/19/19,0,0,0,,,,,
4/22/19,2.44,2.38,2.59,,,,,
4/23/19,2.45,2.36,2.57,,,,,
4/24/19,2.44,2.32,2.53,,,,,
4/25/19,2.43,2.33,2.54,,,,,
4/26/19,2.42,2.28,2.51,,,,,
4/29/19,2.44,2.3,2.54,,,,,
4/30/19,2.43,2.27,2.51,,,,,
5/1/19,2.43,2.31,2.52,,,,,
5/2/19,2.47,2.35,2.55,,,,,
5/3/19,2.43,2.33,2.54,,,,,
5/6/19,2.44,2.31,2.51,,,,,
5/7/19,2.43,2.28,2.45,,,,,
5/8/19,2.43,2.3,2.49,,,,,
5/9/19,2.43,2.26,2.45,,,,,
5/10/19,2.43,2.26,2.47,,,,,
5/13/19,2.41,2.18,2.4,,,,,
5/14/19,2.41,2.2,2.42,,,,,
5/15/19,2.42,2.16,2.37,,,,,
5/16/19,2.4,2.2,2.4,,,,,
5/17/19,2.39,2.2,2.39,,,,,
5/20/19,2.39,2.21,2.41,,,,,
5/21/19,2.39,2.26,2.43,,,,,
5/22/19,2.38,2.23,2.39,,,,,
5/23/19,2.37,2.12,2.31,,,,,
5/24/19,2.35,2.16,2.32,,,,,
5/27/19,0,0,0,,,,,
5/28/19,2.37,2.12,2.26,,,,,
5/29/19,2.37,2.09,2.25,,,,,
5/30/19,2.38,2.06,2.22,,,,,
5/31/19,2.35,1.95,2.14,,,,,
6/3/19,2.35,1.82,2.07,,,,,
6/4/19,2.35,1.88,2.12,,,,,
6/5/19,2.35,1.83,2.12,,,,,
6/6/19,2.33,1.88,2.12,,,,,
6/7/19,2.28,1.85,2.09,,,,,
6/10/19,2.29,1.9,2.15,,,,,
6/11/19,2.27,1.93,2.15,,,,,
6/12/19,2.24,1.88,2.13,,,,,
6/13/19,2.19,1.83,2.1,,,,,
6/14/19,2.2,1.84,2.09,,,,,
6/17/19,2.23,1.86,2.09,,,,,
6/18/19,2.22,1.86,2.06,,,,,
6/19/19,2.18,1.74,2.03,,,,,
6/20/19,2.14,1.72,2.01,,,,,
6/21/19,2.11,1.77,2.07,,,,,
6/24/19,2.13,1.72,2.02,,,,,
6/25/19,2.12,1.71,2,,,,,
6/26/19,2.15,1.77,2.05,,,,,
6/27/19,2.14,1.74,2.01,,,,,
6/28/19,2.12,1.75,2,,,,,
7/1/19,2.21,1.78,2.03,,,,,
7/2/19,2.2,1.77,1.98,,,,,
7/3/19,2.21,1.77,1.96,,,,,
7/4/19,0,0,0,,,,,
7/5/19,2.23,1.87,2.04,,,,,
7/8/19,2.26,1.88,2.05,,,,,
7/9/19,2.26,1.92,2.07,,,,,
7/10/19,2.2,1.82,2.07,,,,,
7/11/19,2.17,1.85,2.13,,,,,
7/12/19,2.14,1.84,2.12,,,,,
7/15/19,2.16,1.83,2.09,,,,,
7/16/19,2.15,1.87,2.13,,,,,
7/17/19,2.14,1.83,2.06,,,,,
7/18/19,2.05,1.77,2.04,,,,,
7/19/19,2.06,1.8,2.05,,,,,
7/22/19,2.09,1.8,2.05,,,,,
7/23/19,2.06,1.83,2.08,,,,,
7/24/19,2.1,1.83,2.05,,,,,
7/25/19,2.1,1.86,2.08,,,,,
7/26/19,2.12,1.86,2.08,,,,,
7/29/19,2.12,1.85,2.06,,,,,
7/30/19,2.08,1.85,2.06,,,,,
7/31/19,2.08,1.89,2.02,,,,,
8/1/19,2.07,1.73,1.9,,,,,
8/2/19,2.06,1.72,1.86,,,,,
8/5/19,2.05,1.59,1.75,,,,,
8/6/19,2.05,1.6,1.73,,,,,
8/7/19,2.02,1.59,1.71,,,,,
8/8/19,2.02,1.62,1.72,,,,,
8/9/19,2,1.63,1.74,,,,,
8/12/19,2,1.58,1.65,,,,,
8/13/19,2,1.66,1.68,,,,,
8/14/19,1.96,1.58,1.59,,,,,
8/15/19,1.91,1.48,1.52,,,,,
8/16/19,1.87,1.48,1.55,,,,,
8/19/19,1.94,1.53,1.6,,,,,
8/20/19,1.94,1.5,1.55,,,,,
8/21/19,1.97,1.56,1.59,,,,,
8/22/19,2,1.61,1.62,,,,,
8/23/19,1.97,1.51,1.52,,,,,
8/26/19,2.01,1.54,1.54,,,,,
8/27/19,1.98,1.53,1.49,,,,,
8/28/19,1.99,1.5,1.47,,,,,
8/29/19,1.99,1.53,1.5,,,,,
8/30/19,1.99,1.5,1.5,,,,,
9/2/19,0,0,0,,,,,
9/3/19,1.98,1.47,1.47,,,,,
9/4/19,1.97,1.43,1.47,,,,,
9/5/19,1.97,1.55,1.57,,,,,
9/6/19,1.96,1.53,1.55,,,,,
9/9/19,1.96,1.58,1.63,,,,,
9/10/19,1.95,1.67,1.72,,,,,
9/11/19,1.96,1.68,1.75,,,,,
9/12/19,1.95,1.72,1.79,,,,,
9/13/19,1.96,1.79,1.9,,,,,
9/16/19,1.99,1.74,1.84,,,,,
9/17/19,1.99,1.72,1.81,,,,,
9/18/19,1.95,1.77,1.8,,,,,
9/19/19,1.93,1.74,1.79,,,,,
9/20/19,1.91,1.69,1.74,,,,,
9/23/19,1.94,1.68,1.72,,,,,
9/24/19,1.92,1.6,1.64,,,,,
9/25/19,1.89,1.68,1.73,,,,,
9/26/19,1.83,1.66,1.7,,,,,
9/27/19,1.8,1.63,1.69,,,,,
9/30/19,1.88,1.63,1.68,,,,,
10/1/19,1.82,1.56,1.65,,,,,
10/2/19,1.79,1.48,1.6,,,,,
10/3/19,1.7,1.39,1.54,,,,,
10/4/19,1.71,1.4,1.52,,,,,
10/7/19,1.75,1.46,1.56,,,,,
10/8/19,1.72,1.42,1.54,,,,,
10/9/19,1.69,1.47,1.59,,,,,
10/10/19,1.68,1.53,1.67,,,,,
10/11/19,1.68,1.63,1.76,,,,,
10/14/19,0,0,0,,,,,
10/15/19,1.67,1.61,1.77,,,,,
10/16/19,1.66,1.58,1.75,,,,,
10/17/19,1.66,1.6,1.76,,,,,
10/18/19,1.66,1.58,1.76,,,,,
10/21/19,1.67,1.62,1.8,,,,,
10/22/19,1.65,1.6,1.78,,,,,
10/23/19,1.65,1.58,1.77,,,,,
10/24/19,1.67,1.58,1.77,,,,,
10/25/19,1.66,1.63,1.8,,,,,
10/28/19,1.65,1.64,1.85,,,,,
10/29/19,1.63,1.64,1.84,,,,,
10/30/19,1.62,1.61,1.78,,,,,
10/31/19,1.54,1.52,1.69,,,,,
11/1/19,1.52,1.56,1.73,,,,,
11/4/19,1.53,1.6,1.79,,,,,
11/5/19,1.56,1.63,1.86,,,,,